FUNCAO,STATUS,6,7,8,9,10,11,12,13,14,15,16,17
ABBREV,NOK,S,S,S,S,S,S,S,S,S,S,S,S
ABS,OK,N,N,S,N,S,S,S,S,S,S,S,S
ACLDEFAULT,NOK,N,N,N,N,N,N,S,S,S,S,S,S
ACLEXPLODE,NOK,N,N,N,N,N,N,S,S,S,S,S,S
ACOS,OK,N,N,S,N,N,N,N,S,S,S,S,S
ACOSD,NOK,N,N,N,N,N,N,N,S,S,S,S,S
ACOSH,NOK,N,N,N,N,N,N,N,S,S,S,S,S
AGE,OK,N,N,S,S,S,S,S,S,S,S,S,S
ANY,OK,N,N,S,S,S,S,S,S,S,S,S,S
ANY_VALUE,NOK,N,N,N,N,N,N,N,N,N,N,S,S
AREA,NOK,N,N,S,S,S,S,S,S,S,S,S,S
ARRAY_AGG,OK,N,N,N,S,S,S,S,S,S,S,S,S
ARRAY_APPEND,OK,N,N,S,S,S,S,S,S,S,S,S,S
ARRAY_CAT,OK,N,N,S,S,S,S,S,S,S,S,S,S
ARRAY_DIMS,OK,N,N,S,S,S,S,S,S,S,S,S,S
ARRAY_FILL,NOK,N,N,N,S,S,S,S,S,S,S,S,S
ARRAY_LENGTH,OK,N,N,N,S,S,S,S,S,S,S,S,S
ARRAY_LOWER,OK,N,N,S,S,S,S,S,S,S,S,S,S
ARRAY_NDIMS,OK,N,N,N,S,S,S,S,S,S,S,S,S
ARRAY_POSITION,OK,N,N,N,N,S,S,S,S,S,S,S,S
ARRAY_POSITIONS,OK,N,N,N,N,S,S,S,S,S,S,S,S
ARRAY_PREPEND,OK,N,N,S,S,S,S,S,S,S,S,S,S
ARRAY_REMOVE,OK,N,N,N,N,S,S,S,S,S,S,S,S
ARRAY_REPLACE,OK,N,N,N,N,S,S,S,S,S,S,S,S
ARRAY_SAMPLE,NOK,N,N,N,N,N,N,N,N,N,N,S,S
ARRAY_SHUFFLE,NOK,N,N,N,N,N,N,N,N,N,N,S,S
ARRAY_TO_JSON,OK,N,N,N,N,S,S,S,S,S,S,S,S
ARRAY_TO_STRING,OK,N,N,S,S,S,S,S,S,S,S,S,S
ARRAY_TO_TSVECTOR,NOK,N,N,N,N,N,N,N,S,S,S,S,S
ARRAY_UPPER,OK,N,N,S,S,S,S,S,S,S,S,S,S
ASCII,OK,N,N,S,N,N,N,N,S,S,S,S,S
ASIN,OK,N,N,S,N,N,N,N,S,S,S,S,S
ASIND,NOK,N,N,N,N,N,N,N,S,S,S,S,S
ASINH,NOK,N,N,N,N,N,N,N,S,S,S,S,S
ATAN,OK,N,N,S,N,N,N,N,S,S,S,S,S
ATAN2,OK,N,N,S,N,N,N,N,S,S,S,S,S
ATAN2D,NOK,N,N,N,N,N,N,N,S,S,S,S,S
ATAND,NOK,N,N,N,N,N,N,N,S,S,S,S,S
ATANH,NOK,N,N,N,N,N,N,N,S,S,S,S,S
AVG,OK,N,N,N,N,N,N,N,S,S,S,S,S
BIT_AND,NOK,N,N,N,N,N,N,N,S,S,S,S,S
BIT_COUNT,NOK,N,N,N,N,N,N,N,N,S,S,S,S
BIT_LENGTH,OK,N,N,S,S,S,S,S,S,S,S,S,S
BIT_OR,NOK,N,N,N,N,N,N,N,S,S,S,S,S
BIT_XOR,NOK,N,N,N,N,N,N,N,N,S,S,S,S
BOOL_AND,OK,N,N,S,S,S,S,S,S,S,S,S,S
BOOL_OR,OK,N,N,S,S,S,S,S,S,S,S,S,S
BOUND_BOX,NOK,N,N,N,N,N,N,N,S,S,S,S,S
BOX,NOK,N,N,S,N,N,N,N,S,S,S,S,S
BOX_INTERSECT,NOK,N,N,S,N,N,N,N,N,N,N,N,N
BRIN_DESUMMARIZE_RANGE,NOK,N,N,N,N,N,N,N,S,S,S,S,S
BRIN_SUMMARIZE_NEW_VALUES,NOK,N,N,N,N,S,S,S,S,S,S,S,S
BRIN_SUMMARIZE_RANGE,NOK,N,N,N,N,S,S,S,S,S,S,S,S
BROADCAST,NOK,N,N,S,N,N,N,N,S,S,S,S,S
BTRIM,OK,N,N,S,N,N,N,N,S,S,S,S,S
CARDINALITY,NOK,N,N,N,N,S,S,S,S,S,S,S,S
CASE,OK,N,N,S,S,S,S,S,S,S,S,S,S
CBRT,OK,N,N,S,N,N,N,N,S,S,S,S,S
CEIL,OK,N,N,S,S,S,S,S,S,S,S,S,S
CEILING,OK,N,N,S,N,N,N,N,S,S,S,S,S
CENTER,NOK,N,N,S,N,N,N,N,S,S,S,S,S
CHAR_LENGTH,OK,N,N,S,N,N,N,N,S,S,S,S,S
CHARACTER_LENGTH,OK,N,N,S,N,N,N,N,S,S,S,S,S
CHR,OK,N,N,S,N,N,N,N,S,S,S,S,S
CIRCLE,NOK,N,N,S,N,N,N,N,S,S,S,S,S
CLOCK_TIMESTAMP,OK,N,N,N,S,S,S,S,S,S,S,S,S
COALESCE,OK,S,S,S,S,S,S,S,S,S,S,S,S
COL_DESCRIPTION,NOK,N,N,S,S,S,S,S,S,S,S,S,S
COLLATION FOR,NOK,N,N,N,N,N,N,N,S,S,S,S,S
CONCAT,OK,N,N,N,N,S,S,S,S,S,S,S,S
CONCAT_WS,OK,N,N,N,N,S,S,S,S,S,S,S,S
CONVERT,NOK,N,N,S,N,N,N,N,S,S,S,S,S
CONVERT_FROM,NOK,N,N,N,N,S,S,S,S,S,S,S,S
CONVERT_TO,NOK,N,N,N,N,N,N,N,S,S,S,S,S
CORR,NOK,N,N,N,N,N,N,N,S,S,S,S,S
COS,OK,N,N,S,N,N,N,N,S,S,S,S,S
COSD,NOK,N,N,N,N,N,N,N,S,S,S,S,S
COSH,NOK,N,N,N,N,N,N,N,S,S,S,S,S
COT,OK,N,N,S,N,N,N,N,S,S,S,S,S
COTD,NOK,N,N,N,N,N,N,N,S,S,S,S,S
COUNT,OK,N,N,S,S,S,S,S,S,S,S,S,S
COVAR_POP,NOK,N,N,N,N,N,N,N,S,S,S,S,S
COVAR_SAMP,NOK,N,N,N,N,N,N,N,S,S,S,S,S
CUME_DIST,OK,N,N,N,S,S,S,S,S,S,S,S,S
CURRENT_CATALOG,OK,N,N,N,S,S,S,S,S,S,S,S,S
CURRENT_DATABASE,OK,N,N,S,S,S,S,S,S,S,S,S,S
CURRENT_DATE,OK,N,N,S,S,S,S,S,S,S,S,S,S
CURRENT_QUERY,OK,N,N,N,S,S,S,S,S,S,S,S,S
CURRENT_ROLE,OK,N,N,N,N,S,S,S,S,S,S,S,S
CURRENT_SCHEMA,OK,N,N,S,S,S,S,S,S,S,S,S,S
CURRENT_SCHEMAS,OK,N,N,S,S,S,S,S,S,S,S,S,S
CURRENT_SETTING,OK,N,N,S,S,S,S,S,S,S,S,S,S
CURRENT_TIME,OK,N,N,S,S,S,S,S,S,S,S,S,S
CURRENT_TIMESTAMP,OK,S,S,S,S,S,S,S,S,S,S,S,S
CURRENT_USER,OK,S,S,S,S,S,S,S,S,S,S,S,S
CURRVAL,OK,N,N,S,S,S,S,S,S,S,S,S,S
CURSOR_TO_XML,NOK,N,N,N,S,S,S,S,S,S,S,S,S
CURSOR_TO_XMLSCHEMA,NOK,N,N,N,N,N,N,N,S,S,S,S,S
DATABASE_TO_XML,NOK,N,N,N,N,N,N,N,S,S,S,S,S
DATABASE_TO_XML_AND_XMLSCHEMA,NOK,N,N,N,N,N,N,N,S,S,S,S,S
DATABASE_TO_XMLSCHEMA,NOK,N,N,N,N,N,N,N,S,S,S,S,S
DATE_ADD,OK,N,N,N,N,N,N,N,N,N,N,S,S
DATE_BIN,NOK,N,N,N,N,N,N,N,N,S,S,S,S
DATE_PART,OK,S,S,S,S,S,S,S,S,S,S,S,S
DATE_SUBTRACT,NOK,N,N,N,N,N,N,N,N,N,N,S,S
DATE_TRUNC,OK,S,S,S,S,S,S,S,S,S,S,S,S
DECODE,OK,N,N,S,N,N,S,S,S,S,S,S,S
DEGREES,OK,N,N,S,S,S,S,S,S,S,S,S,S
DENSE_RANK,OK,N,N,N,S,S,S,S,S,S,S,S,S
DIAGONAL,NOK,N,N,N,N,N,N,N,S,S,S,S,S
DIAMETER,NOK,N,N,S,N,N,N,N,S,S,S,S,S
DIV,NOK,N,N,N,N,N,N,N,S,S,S,S,S
ENCODE,NOK,N,N,S,S,S,S,S,S,S,S,S,S
ENUM_FIRST,NOK,N,N,N,N,N,N,N,S,S,S,S,S
ENUM_LAST,NOK,N,N,N,N,N,N,N,S,S,S,S,S
ENUM_RANGE,NOK,N,N,N,S,S,S,S,S,S,S,S,S
ERF,NOK,N,N,N,N,N,N,N,N,N,N,S,S
ERFC,NOK,N,N,N,N,N,N,N,N,N,N,S,S
EVERY,OK,N,N,S,S,S,S,S,S,S,S,S,S
EXP,OK,N,N,S,N,N,N,N,S,S,S,S,S
EXTRACT,OK,S,S,S,S,S,S,S,S,S,S,S,S
FACTORIAL,NOK,N,N,N,N,S,S,S,S,S,S,S,S
FAMILY,NOK,N,N,S,N,N,N,N,S,S,S,S,S
FIRST_VALUE,OK,N,N,N,S,S,S,S,S,S,S,S,S
FLOOR,OK,N,N,S,N,N,N,N,S,S,S,S,S
FORMAT,OK,N,N,N,N,S,S,S,S,S,S,S,S
FORMAT_TYPE,NOK,N,N,S,S,S,S,S,S,S,S,S,S
GCD,NOK,N,N,N,N,N,N,N,S,S,S,S,S
GEN_RANDOM_UUID,OK,N,N,N,N,N,N,N,S,S,S,S,S
GENERATE_SERIES,NOK,N,N,S,N,N,N,N,S,S,S,S,S
GENERATE_SUBSCRIPTS,NOK,N,N,N,S,S,S,S,S,S,S,S,S
GET_BIT,NOK,N,N,S,S,S,S,S,S,S,S,S,S
GET_BYTE,NOK,N,N,S,S,S,S,S,S,S,S,S,S
GET_CURRENT_TS_CONFIG,NOK,N,N,N,S,S,S,S,S,S,S,S,S
GETTIMEOFDAY,NOK,S,S,N,N,N,N,N,N,N,N,N,N
GIN_CLEAN_PENDING_LIST,NOK,N,N,N,N,S,S,S,S,S,S,S,S
GREATEST,OK,N,N,N,S,S,S,S,S,S,S,S,S
GROUPING,NOK,N,N,N,N,N,N,N,S,S,S,S,S
HAS_ANY_COLUMN_PRIVILEGE,NOK,N,N,N,S,S,S,S,S,S,S,S,S
HAS_COLUMN_PRIVILEGE,NOK,N,N,N,S,S,S,S,S,S,S,S,S
HAS_DATABASE_PRIVILEGE,NOK,N,N,S,S,S,S,S,S,S,S,S,S
HAS_FOREIGN_DATA_WRAPPER_PRIVILEGE,NOK,N,N,N,S,S,S,S,S,S,S,S,S
HAS_FUNCTION_PRIVILEGE,NOK,N,N,S,S,S,S,S,S,S,S,S,S
HAS_LANGUAGE_PRIVILEGE,NOK,N,N,S,S,S,S,S,S,S,S,S,S
HAS_PARAMETER_PRIVILEGE,NOK,N,N,N,N,N,N,N,N,N,S,S,S
HAS_SCHEMA_PRIVILEGE,NOK,N,N,S,S,S,S,S,S,S,S,S,S
HAS_SEQUENCE_PRIVILEGE,NOK,N,N,N,S,S,S,S,S,S,S,S,S
HAS_SERVER_PRIVILEGE,NOK,N,N,N,S,S,S,S,S,S,S,S,S
HAS_TABLE_PRIVILEGE,NOK,N,N,S,S,S,S,S,S,S,S,S,S
HAS_TABLESPACE_PRIVILEGE,NOK,N,N,S,S,S,S,S,S,S,S,S,S
HAS_TYPE_PRIVILEGE,NOK,N,N,N,N,S,S,S,S,S,S,S,S
HEIGHT,NOK,N,N,S,N,N,N,N,S,S,S,S,S
HOST,OK,S,S,S,S,S,S,S,S,S,S,S,S
HOSTMASK,OK,N,N,S,N,N,N,N,S,S,S,S,S
ICU_UNICODE_VERSION,NOK,N,N,N,N,N,N,N,N,N,N,N,S
IFNULL,OK,N,N,N,S,S,S,S,S,S,S,S,S
ILIKE,OK,N,N,S,S,S,S,S,S,S,S,S,S
INET_CLIENT_ADDR,NOK,N,N,S,S,S,S,S,S,S,S,S,S
INET_CLIENT_PORT,NOK,N,N,S,S,S,S,S,S,S,S,S,S
INET_MERGE,NOK,N,N,N,N,N,N,N,S,S,S,S,S
INET_SAME_FAMILY,OK,N,N,N,N,N,N,N,S,S,S,S,S
INET_SERVER_ADDR,NOK,N,N,S,S,S,S,S,S,S,S,S,S
INET_SERVER_PORT,NOK,N,N,S,S,S,S,S,S,S,S,S,S
INITCAP,OK,N,N,S,N,N,N,N,S,S,S,S,S
ISCLOSED,NOK,N,N,S,N,N,N,N,S,S,S,S,S
ISEMPTY,NOK,N,N,N,N,S,S,S,S,S,S,S,S
ISFINITE,NOK,N,N,S,N,N,N,N,S,S,S,S,S
ISOPEN,NOK,N,N,S,N,N,N,N,S,S,S,S,S
JSON,OK,N,N,N,N,N,N,N,N,N,N,N,S
JSON_AGG,OK,N,N,N,N,S,S,S,S,S,S,S,S
JSON_AGG_STRICT,NOK,N,N,N,N,N,N,N,N,N,N,S,S
JSON_ARRAY,OK,N,N,N,N,N,N,N,N,N,N,S,S
JSON_ARRAY_ELEMENTS,NOK,N,N,N,N,N,N,N,S,S,S,S,S
JSON_ARRAY_ELEMENTS_TEXT,NOK,N,N,N,N,N,N,N,S,S,S,S,S
JSON_ARRAY_LENGTH,OK,N,N,N,N,N,N,N,S,S,S,S,S
JSON_ARRAYAGG,OK,N,N,N,N,N,N,N,N,N,N,S,S
JSON_BUILD_ARRAY,OK,N,N,N,N,N,N,N,S,S,S,S,S
JSON_BUILD_OBJECT,OK,N,N,N,N,N,N,N,S,S,S,S,S
JSON_EACH,NOK,N,N,N,N,N,N,N,S,S,S,S,S
JSON_EACH_TEXT,NOK,N,N,N,N,N,N,N,S,S,S,S,S
JSON_EXISTS,NOK,N,N,N,N,N,N,N,N,N,N,N,S
JSON_EXTRACT_PATH,OK,N,N,N,N,N,N,N,S,S,S,S,S
JSON_EXTRACT_PATH_TEXT,OK,N,N,N,N,N,N,N,S,S,S,S,S
JSON_OBJECT,OK,N,N,N,N,S,S,S,S,S,S,S,S
JSON_OBJECT_AGG,OK,N,N,N,N,S,S,S,S,S,S,S,S
JSON_OBJECT_AGG_STRICT,OK,N,N,N,N,N,N,N,N,N,N,S,S
JSON_OBJECT_AGG_UNIQUE,OK,N,N,N,N,N,N,N,N,N,N,S,S
JSON_OBJECT_AGG_UNIQUE_STRICT,OK,N,N,N,N,N,N,N,N,N,N,S,S
JSON_OBJECT_KEYS,NOK,N,N,N,N,N,N,N,S,S,S,S,S
JSON_OBJECTAGG,OK,N,N,N,N,N,N,N,N,N,N,S,S
JSON_POPULATE_RECORD,NOK,N,N,N,N,N,N,N,S,S,S,S,S
JSON_POPULATE_RECORDSET,NOK,N,N,N,N,N,N,N,S,S,S,S,S
JSON_QUERY,OK,N,N,N,N,N,N,N,N,N,N,N,S
JSON_SCALAR,OK,N,N,N,N,N,N,N,N,N,N,N,S
JSON_SERIALIZE,OK,N,N,N,N,N,N,N,N,N,N,N,S
JSON_STRIP_NULLS,OK,N,N,N,N,N,N,N,S,S,S,S,S
JSON_TABLE,OK,N,N,N,N,N,N,N,N,N,N,N,S
JSON_TO_RECORD,NOK,N,N,N,N,N,N,N,S,S,S,S,S
JSON_TO_RECORDSET,NOK,N,N,N,N,N,N,N,S,S,S,S,S
JSON_TO_TSVECTOR,NOK,N,N,N,N,N,N,N,S,S,S,S,S
JSON_TYPEOF,OK,N,N,N,N,N,N,N,S,S,S,S,S
JSON_VALUE,OK,N,N,N,N,N,N,N,N,N,N,N,S
JSON[B]_POPULATE_RECORD,NOK,N,N,N,N,S,S,S,S,S,S,S,S
JSON[B]_POPULATE_RECORDSET,NOK,N,N,N,N,S,S,S,N,N,N,N,N
JSON[B]_TO_RECORD,NOK,N,N,N,N,S,S,S,N,N,N,N,N
JSON[B]_TO_RECORDSET,NOK,N,N,N,N,S,S,S,N,N,N,N,N
JSONB_AGG,OK,N,N,N,N,S,S,S,S,S,S,S,S
JSONB_AGG_STRICT,NOK,N,N,N,N,N,N,N,N,N,N,S,S
JSONB_ARRAY_ELEMENTS,NOK,N,N,N,N,N,N,N,S,S,S,S,S
JSONB_ARRAY_ELEMENTS_TEXT,NOK,N,N,N,N,N,N,N,S,S,S,S,S
JSONB_ARRAY_LENGTH,OK,N,N,N,N,N,N,N,S,S,S,S,S
JSONB_BUILD_ARRAY,OK,N,N,N,N,N,N,N,S,S,S,S,S
JSONB_BUILD_OBJECT,OK,N,N,N,N,N,N,N,S,S,S,S,S
JSONB_EACH,NOK,N,N,N,N,N,N,N,S,S,S,S,S
JSONB_EACH_TEXT,NOK,N,N,N,N,N,N,N,S,S,S,S,S
JSONB_EXTRACT_PATH,OK,N,N,N,N,N,N,N,S,S,S,S,S
JSONB_EXTRACT_PATH_TEXT,OK,N,N,N,N,N,N,N,S,S,S,S,S
JSONB_INSERT,OK,N,N,N,N,N,N,N,S,S,S,S,S
JSONB_OBJECT,OK,N,N,N,N,N,N,N,S,S,S,S,S
JSONB_OBJECT_AGG,OK,N,N,N,N,S,S,S,S,S,S,S,S
JSONB_OBJECT_AGG_STRICT,OK,N,N,N,N,N,N,N,N,N,N,S,S
JSONB_OBJECT_AGG_UNIQUE,OK,N,N,N,N,N,N,N,N,N,N,S,S
JSONB_OBJECT_AGG_UNIQUE_STRICT,OK,N,N,N,N,N,N,N,N,N,N,S,S
JSONB_OBJECT_KEYS,NOK,N,N,N,N,N,N,N,S,S,S,S,S
JSONB_PATH_EXISTS,OK,N,N,N,N,N,N,N,S,S,S,S,S
JSONB_PATH_EXISTS_TZ,NOK,N,N,N,N,N,N,N,S,S,S,S,S
JSONB_PATH_MATCH,NOK,N,N,N,N,N,N,N,S,S,S,S,S
JSONB_PATH_MATCH_TZ,NOK,N,N,N,N,N,N,N,S,S,S,S,S
JSONB_PATH_QUERY,NOK,N,N,N,N,N,N,N,S,S,S,S,S
JSONB_PATH_QUERY_ARRAY,OK,N,N,N,N,N,N,N,S,S,S,S,S
JSONB_PATH_QUERY_ARRAY_TZ,NOK,N,N,N,N,N,N,N,S,S,S,S,S
JSONB_PATH_QUERY_FIRST,NOK,N,N,N,N,N,N,N,S,S,S,S,S
JSONB_PATH_QUERY_FIRST_TZ,NOK,N,N,N,N,N,N,N,S,S,S,S,S
JSONB_PATH_QUERY_TZ,NOK,N,N,N,N,N,N,N,S,S,S,S,S
JSONB_POPULATE_RECORD,NOK,N,N,N,N,N,N,N,S,S,S,S,S
JSONB_POPULATE_RECORD_VALID,NOK,N,N,N,N,N,N,N,N,N,N,N,S
JSONB_POPULATE_RECORDSET,NOK,N,N,N,N,N,N,N,S,S,S,S,S
JSONB_PRETTY,OK,N,N,N,N,N,N,N,S,S,S,S,S
JSONB_SET,OK,N,N,N,N,N,N,N,S,S,S,S,S
JSONB_SET_LAX,OK,N,N,N,N,N,N,N,S,S,S,S,S
JSONB_STRIP_NULLS,OK,N,N,N,N,N,N,N,S,S,S,S,S
JSONB_TO_RECORD,NOK,N,N,N,N,N,N,N,S,S,S,S,S
JSONB_TO_RECORDSET,NOK,N,N,N,N,N,N,N,S,S,S,S,S
JSONB_TO_TSVECTOR,NOK,N,N,N,N,N,N,N,S,S,S,S,S
JSONB_TYPEOF,OK,N,N,N,N,N,N,N,S,S,S,S,S
JUSTIFY_DAYS,NOK,N,N,N,S,S,S,S,S,S,S,S,S
JUSTIFY_HOURS,NOK,N,N,N,S,S,S,S,S,S,S,S,S
JUSTIFY_INTERVAL,NOK,N,N,N,N,N,N,N,S,S,S,S,S
LAG,OK,N,N,N,S,S,S,S,S,S,S,S,S
LAST_VALUE,OK,N,N,N,S,S,S,S,S,S,S,S,S
LASTVAL,OK,N,N,N,S,S,S,S,S,S,S,S,S
LCM,OK,N,N,N,N,N,N,N,S,S,S,S,S
LEAD,OK,N,N,N,S,S,S,S,S,S,S,S,S
LEAST,OK,N,N,N,S,S,S,S,S,S,S,S,S
LEFT,OK,N,N,N,N,N,N,N,S,S,S,S,S
LENGTH,OK,N,N,S,S,S,S,S,S,S,S,S,S
LIKE,OK,S,S,S,S,S,S,S,S,S,S,S,S
LINE,NOK,N,N,N,N,N,N,N,S,S,S,S,S
LN,OK,S,S,S,N,N,N,N,S,S,S,S,S
LOCALTIME,OK,N,N,S,S,S,S,S,S,S,S,S,S
LOCALTIMESTAMP,OK,N,N,S,S,S,S,S,S,S,S,S,S
LOG,OK,N,N,S,N,N,N,N,S,S,S,S,S
LOG10,OK,N,N,N,N,N,N,N,S,S,S,S,S
LOWER,OK,N,N,S,N,S,S,S,S,S,S,S,S
LOWER_INC,NOK,N,N,N,N,S,S,S,S,S,S,S,S
LOWER_INF,NOK,N,N,N,N,S,S,S,S,S,S,S,S
LPAD,OK,N,N,S,N,N,N,N,S,S,S,S,S
LSEG,NOK,N,N,S,N,N,N,N,S,S,S,S,S
LTRIM,OK,N,N,S,N,N,N,N,S,S,S,S,S
MACADDR8_SET7BIT,NOK,N,N,N,N,N,N,N,S,S,S,S,S
MAKE_DATE,OK,N,N,N,N,N,N,N,S,S,S,S,S
MAKE_INTERVAL,OK,N,N,N,N,N,N,N,S,S,S,S,S
MAKE_TIME,OK,N,N,N,N,N,N,N,S,S,S,S,S
MAKE_TIMESTAMP,OK,N,N,N,N,N,N,N,S,S,S,S,S
MAKE_TIMESTAMPTZ,OK,N,N,N,N,N,N,N,S,S,S,S,S
MAKEACLITEM,NOK,N,N,N,N,N,N,S,S,S,S,S,S
MASKLEN,OK,N,N,S,N,N,N,N,S,S,S,S,S
MAX,OK,N,N,S,N,N,N,N,S,S,S,S,S
MD5,OK,N,N,S,N,N,S,S,S,S,S,S,S
MERGE_ACTION,NOK,N,N,N,N,N,N,N,N,N,N,N,S
MIN,OK,N,N,S,N,N,N,N,S,S,S,S,S
MIN_SCALE,OK,N,N,N,N,N,N,N,S,S,S,S,S
MOD,OK,N,N,S,N,N,N,N,S,S,S,S,S
MODE,OK,N,N,N,N,N,N,N,S,S,S,S,S
MULTIRANGE,NOK,N,N,N,N,N,N,N,N,S,S,S,S
MXID_AGE,NOK,N,N,N,N,N,N,N,S,S,S,S,S
NETMASK,OK,N,N,S,N,N,N,N,S,S,S,S,S
NETWORK,OK,N,N,S,N,N,N,N,S,S,S,S,S
NEXTVAL,OK,N,N,S,S,S,S,S,S,S,S,S,S
NORMALIZE,OK,N,N,N,N,N,N,N,S,S,S,S,S
NOT ILIKE,NOK,S,S,S,S,S,S,S,S,S,S,S,S
NOT LIKE,NOK,S,S,S,S,S,S,S,S,S,S,S,S
NOW,OK,S,S,S,S,S,S,S,S,S,S,S,S
NPOINTS,NOK,N,N,S,N,N,N,N,S,S,S,S,S
NTH_VALUE,OK,N,N,N,S,S,S,S,S,S,S,S,S
NTILE,OK,N,N,N,N,N,N,N,S,S,S,S,S
NULLIF,OK,S,S,S,S,S,S,S,S,S,S,S,S
NUM_NONNULLS,OK,N,N,N,N,N,N,N,S,S,S,S,S
NUM_NULLS,OK,N,N,N,N,N,N,N,S,S,S,S,S
NUMNODE,NOK,N,N,N,N,N,N,N,S,S,S,S,S
NVL,OK,N,N,N,S,S,S,S,S,S,S,S,S
OBJ_DESCRIPTION,NOK,N,N,S,S,S,S,S,S,S,S,S,S
OCTET_LENGTH,OK,N,N,S,S,S,S,S,S,S,S,S,S
OVERLAY,NOK,N,N,S,S,S,S,S,S,S,S,S,S
PARSE_IDENT,OK,N,N,N,N,N,N,N,S,S,S,S,S
PATH,OK,N,N,S,N,N,N,N,S,S,S,S,S
PCLOSE,NOK,N,N,S,N,N,N,N,S,S,S,S,S
PERCENT_RANK,OK,N,N,N,S,S,S,S,S,S,S,S,S
PERCENTILE_CONT,NOK,N,N,N,N,N,N,N,S,S,S,S,S
PERCENTILE_DISC,NOK,N,N,N,N,N,N,N,S,S,S,S,S
PHRASETO_TSQUERY,NOK,N,N,N,N,N,N,N,S,S,S,S,S
PI,OK,N,N,S,S,S,S,S,S,S,S,S,S
PLAINTO_TSQUERY,NOK,N,N,N,N,N,N,N,S,S,S,S,S
POINT,NOK,N,N,S,S,S,S,S,S,S,S,S,S
POLYGON,NOK,N,N,S,N,N,N,N,S,S,S,S,S
POPEN,NOK,N,N,S,N,N,N,N,S,S,S,S,S
POSITION,OK,N,N,S,S,S,S,S,S,S,S,S,S
POW,NOK,S,S,N,N,N,N,N,N,N,N,N,N
POWER,OK,N,N,S,N,N,N,N,S,S,S,S,S
PQSERVERVERSION,NOK,N,N,N,N,S,S,S,S,S,S,S,S
QUERY_TO_XML,NOK,N,N,N,S,S,S,S,S,S,S,S,S
QUERY_TO_XML_AND_XMLSCHEMA,NOK,N,N,N,N,N,N,N,S,S,S,S,S
QUERY_TO_XMLSCHEMA,NOK,N,N,N,N,N,N,N,S,S,S,S,S
QUERYTREE,NOK,N,N,N,N,N,N,N,S,S,S,S,S
QUOTE_IDENT,OK,N,N,S,N,S,S,S,S,S,S,S,S
QUOTE_LITERAL,OK,N,N,S,S,S,S,S,S,S,S,S,S
QUOTE_NULLABLE,NOK,N,N,N,S,S,S,S,S,S,S,S,S
RADIANS,OK,N,N,S,S,S,S,S,S,S,S,S,S
RADIUS,NOK,N,N,S,N,N,N,N,S,S,S,S,S
RANDOM,OK,N,N,S,S,S,S,S,S,S,S,S,S
RANDOM_NORMAL,NOK,N,N,N,N,N,N,N,N,N,N,S,S
RANGE_AGG,NOK,N,N,N,N,N,N,N,N,S,S,S,S
RANGE_INTERSECT_AGG,NOK,N,N,N,N,N,N,N,N,S,S,S,S
RANGE_MERGE,NOK,N,N,N,N,S,S,S,S,S,S,S,S
RANK,OK,N,N,N,S,S,S,S,S,S,S,S,S
REGEXP_COUNT,OK,N,N,N,N,N,N,N,N,N,S,S,S
REGEXP_INSTR,OK,N,N,N,N,N,N,N,N,N,S,S,S
REGEXP_LIKE,OK,N,N,N,N,N,N,N,N,N,S,S,S
REGEXP_MATCH,OK,N,N,N,N,S,S,S,S,S,S,S,S
REGEXP_MATCHES,NOK,N,N,N,S,S,S,S,S,S,S,S,S
REGEXP_REPLACE,OK,N,N,N,S,S,S,S,S,S,S,S,S
REGEXP_SPLIT_TO_ARRAY,OK,N,N,N,S,S,S,S,S,S,S,S,S
REGEXP_SPLIT_TO_TABLE,NOK,N,N,N,S,S,S,S,S,S,S,S,S
REGEXP_SUBSTR,OK,N,N,N,N,N,N,N,N,N,S,S,S
REGR_AVGX,NOK,N,N,N,N,N,N,N,S,S,S,S,S
REGR_AVGY,NOK,N,N,N,N,N,N,N,S,S,S,S,S
REGR_COUNT,NOK,N,N,N,N,N,N,N,S,S,S,S,S
REGR_INTERCEPT,NOK,N,N,N,N,N,N,N,S,S,S,S,S
REGR_R2,NOK,N,N,N,N,N,N,N,S,S,S,S,S
REGR_SLOPE,NOK,N,N,N,N,N,N,N,S,S,S,S,S
REGR_SXX,NOK,N,N,N,N,N,N,N,S,S,S,S,S
REGR_SXY,NOK,N,N,N,N,N,N,N,S,S,S,S,S
REGR_SYY,NOK,N,N,N,N,N,N,N,S,S,S,S,S
REPEAT,OK,N,N,S,N,N,N,N,S,S,S,S,S
REPLACE,OK,N,N,S,N,N,N,N,S,S,S,S,S
REVERSE,OK,N,N,N,N,N,N,N,S,S,S,S,S
RIGHT,OK,N,N,N,N,N,N,N,S,S,S,S,S
ROUND,OK,N,N,S,N,N,N,N,S,S,S,S,S
ROW_NUMBER,OK,N,N,N,S,S,S,S,S,S,S,S,S
ROW_SECURITY_ACTIVE,NOK,N,N,N,N,S,S,S,S,S,S,S,S
ROW_TO_JSON,OK,N,N,N,N,S,S,S,S,S,S,S,S
RPAD,OK,N,N,S,N,N,N,N,S,S,S,S,S
RTRIM,OK,N,N,S,N,N,N,N,S,S,S,S,S
SCALE,NOK,N,N,N,N,N,N,N,S,S,S,S,S
SCHEMA_TO_XML,NOK,N,N,N,N,N,N,N,S,S,S,S,S
SCHEMA_TO_XML_AND_XMLSCHEMA,NOK,N,N,N,N,N,N,N,S,S,S,S,S
SCHEMA_TO_XMLSCHEMA,NOK,N,N,N,N,N,N,N,S,S,S,S,S
SESSION_USER,NOK,S,S,S,S,S,S,S,S,S,S,S,S
SET_BIT,NOK,N,N,S,S,S,S,S,S,S,S,S,S
SET_BYTE,NOK,N,N,S,S,S,S,S,S,S,S,S,S
SET_CONFIG,NOK,N,N,S,S,S,S,S,S,S,S,S,S
SET_MASKLEN,NOK,N,N,S,N,N,N,N,S,S,S,S,S
SETSEED,NOK,N,N,S,N,N,N,S,S,S,S,S,S
SETVAL,OK,N,N,S,S,S,S,S,S,S,S,S,S
SETWEIGHT,NOK,N,N,N,N,N,N,N,S,S,S,S,S
SHA224,NOK,N,N,N,N,N,N,N,S,S,S,S,S
SHA256,NOK,N,N,N,N,N,N,N,S,S,S,S,S
SHA384,NOK,N,N,N,N,N,N,N,S,S,S,S,S
SHA512,NOK,N,N,N,N,N,N,N,S,S,S,S,S
SHOBJ_DESCRIPTION,NOK,N,N,N,S,S,S,S,S,S,S,S,S
SIGN,OK,N,N,S,N,N,N,N,S,S,S,S,S
SIMILAR TO,NOK,N,N,S,S,S,S,S,S,S,S,S,S
SIN,OK,N,N,S,N,N,N,N,S,S,S,S,S
SIND,NOK,N,N,N,N,N,N,N,S,S,S,S,S
SINH,NOK,N,N,N,N,N,N,N,S,S,S,S,S
SLOPE,NOK,N,N,N,N,N,N,N,S,S,S,S,S
SOME,OK,N,N,S,S,S,S,S,S,S,S,S,S
SPLIT_PART,OK,N,N,S,N,N,N,N,S,S,S,S,S
SPRINTF,NOK,N,N,N,N,S,S,S,S,S,S,S,S
SQRT,OK,N,N,S,N,N,N,N,S,S,S,S,S
STARTS_WITH,OK,N,N,N,N,N,S,S,S,S,S,S,S
STATEMENT_TIMESTAMP,OK,N,N,N,S,S,S,S,S,S,S,S,S
STDDEV,NOK,N,N,N,N,N,N,N,S,S,S,S,S
STDDEV_POP,NOK,N,N,N,N,N,N,N,S,S,S,S,S
STDDEV_SAMP,NOK,N,N,N,S,S,S,S,S,S,S,S,S
STRING,NOK,N,N,N,N,S,S,S,S,S,S,S,S
STRING_AGG,OK,N,N,N,S,S,S,S,S,S,S,S,S
STRING_TO_ARRAY,OK,N,N,S,S,S,S,S,S,S,S,S,S
STRING_TO_TABLE,NOK,N,N,N,N,N,N,N,N,S,S,S,S
STRIP,NOK,N,N,N,N,N,N,N,S,S,S,S,S
STRPOS,NOK,N,N,S,N,N,N,N,S,S,S,S,S
SUBSTR,OK,N,N,S,N,N,N,N,S,S,S,S,S
SUBSTRING,OK,N,N,S,S,S,S,S,S,S,S,S,S
SUM,OK,S,S,S,S,S,S,S,S,S,S,S,S
SUPPRESS_REDUNDANT_UPDATES_TRIGGER,NOK,N,N,N,S,S,S,S,S,S,S,S,S
SWITCH,NOK,S,S,S,S,S,S,S,S,S,S,S,S
SYSTEM_USER,NOK,N,N,N,N,N,N,N,N,N,N,S,S
TABLE_TO_XML,NOK,N,N,N,S,S,S,S,S,S,S,S,S
TABLE_TO_XML_AND_XMLSCHEMA,NOK,N,N,N,S,S,S,S,S,S,S,S,S
TABLE_TO_XMLSCHEMA,NOK,N,N,N,N,N,N,N,S,S,S,S,S
TAN,OK,N,N,S,N,N,N,N,S,S,S,S,S
TAND,NOK,N,N,N,N,N,N,N,S,S,S,S,S
TANH,NOK,N,N,N,N,N,N,N,S,S,S,S,S
TEXT,OK,N,N,S,S,S,S,S,S,S,S,S,S
TIMEOFDAY,NOK,S,S,S,S,S,S,S,S,S,S,S,S
TIMEZONE,NOK,N,N,S,S,S,S,S,S,S,S,S,S
TO_ASCII,OK,S,S,S,N,N,N,N,S,S,S,S,S
TO_BIN,NOK,N,N,N,N,N,N,N,N,N,N,N,S
TO_CHAR,OK,S,S,S,S,S,S,S,S,S,S,S,S
TO_DATE,OK,N,N,S,S,S,S,S,S,S,S,S,S
TO_HEX,OK,N,N,S,N,N,N,N,S,S,S,S,S
TO_JSON,OK,N,N,N,N,S,S,S,S,S,S,S,S
TO_JSONB,OK,N,N,N,N,N,N,N,S,S,S,S,S
TO_NUMBER,OK,N,N,S,S,S,S,S,S,S,S,S,S
TO_OCT,NOK,N,N,N,N,N,N,N,N,N,N,N,S
TO_REGCLASS,NOK,N,N,N,N,S,S,S,S,S,S,S,S
TO_REGCOLLATION,NOK,N,N,N,N,N,N,N,S,S,S,S,S
TO_REGNAMESPACE,NOK,N,N,N,N,S,S,S,S,S,S,S,S
TO_REGOPER,NOK,N,N,N,N,S,S,S,S,S,S,S,S
TO_REGOPERATOR,NOK,N,N,N,N,S,S,S,S,S,S,S,S
TO_REGPROC,NOK,N,N,N,N,S,S,S,S,S,S,S,S
TO_REGPROCEDURE,NOK,N,N,N,N,S,S,S,S,S,S,S,S
TO_REGROLE,NOK,N,N,N,N,S,S,S,S,S,S,S,S
TO_REGTYPE,NOK,N,N,N,N,S,S,S,S,S,S,S,S
TO_REGTYPEMOD,NOK,N,N,N,N,N,N,N,N,N,N,N,S
TO_TIMESTAMP,NOK,S,S,S,S,S,S,S,S,S,S,S,S
TO_TSQUERY,NOK,N,N,N,N,N,N,N,S,S,S,S,S
TO_TSVECTOR,NOK,N,N,N,N,N,N,N,S,S,S,S,S
TRANSACTION_TIMESTAMP,OK,N,N,N,S,S,S,S,S,S,S,S,S
TRANSLATE,OK,N,N,S,N,N,N,N,S,S,S,S,S
TRIM,OK,N,N,S,N,S,S,S,S,S,S,S,S
TRIM_ARRAY,NOK,N,N,N,N,N,N,N,N,S,S,S,S
TRIM_SCALE,NOK,N,N,N,N,N,N,N,S,S,S,S,S
TRUNC,NOK,S,S,S,S,S,S,S,S,S,S,S,S
TS_DEBUG,NOK,N,N,N,N,N,N,N,S,S,S,S,S
TS_DELETE,NOK,N,N,N,N,N,N,N,S,S,S,S,S
TS_FILTER,NOK,N,N,N,N,N,N,N,S,S,S,S,S
TS_HEADLINE,NOK,N,N,N,N,N,N,N,S,S,S,S,S
TS_LEXIZE,NOK,N,N,N,N,N,N,N,S,S,S,S,S
TS_PARSE,NOK,N,N,N,N,N,N,N,S,S,S,S,S
TS_RANK,NOK,N,N,N,N,N,N,N,S,S,S,S,S
TS_RANK_CD,NOK,N,N,N,N,N,N,N,S,S,S,S,S
TS_REWRITE,NOK,N,N,N,N,N,N,N,S,S,S,S,S
TS_STAT,NOK,N,N,N,N,N,N,N,S,S,S,S,S
TS_TOKEN_TYPE,NOK,N,N,N,N,N,N,N,S,S,S,S,S
TSQUERY_PHRASE,NOK,N,N,N,N,N,N,N,S,S,S,S,S
TSVECTOR_TO_ARRAY,NOK,N,N,N,N,N,N,N,S,S,S,S,S
TSVECTOR_UPDATE_TRIGGER,NOK,N,N,N,S,S,S,S,S,S,S,S,S
TSVECTOR_UPDATE_TRIGGER_COLUMN,NOK,N,N,N,S,S,S,S,S,S,S,S,S
TXID_CURRENT,NOK,N,N,N,S,S,S,S,S,S,S,S,S
TXID_CURRENT_IF_ASSIGNED,NOK,N,N,N,N,S,S,S,S,S,S,S,S
TXID_CURRENT_SNAPSHOT,NOK,N,N,N,S,S,S,S,S,S,S,S,S
TXID_SNAPSHOT_XIP,NOK,N,N,N,N,N,N,N,S,S,S,S,S
TXID_SNAPSHOT_XMAX,NOK,N,N,N,N,N,N,N,S,S,S,S,S
TXID_SNAPSHOT_XMIN,NOK,N,N,N,N,N,N,N,S,S,S,S,S
TXID_STATUS,NOK,N,N,N,N,S,S,S,S,S,S,S,S
TXID_VISIBLE_IN_SNAPSHOT,NOK,N,N,N,N,N,N,N,S,S,S,S,S
UNICODE_ASSIGNED,NOK,N,N,N,N,N,N,N,N,N,N,N,S
UNICODE_VERSION,NOK,N,N,N,N,N,N,N,N,N,N,N,S
UNISTR,NOK,N,N,N,N,N,N,N,N,S,S,S,S
UNNEST,NOK,N,N,N,S,S,S,S,S,S,S,S,S
UPPER,OK,N,N,S,N,S,S,S,S,S,S,S,S
UPPER_INC,NOK,N,N,N,N,S,S,S,S,S,S,S,S
UPPER_INF,NOK,N,N,N,N,S,S,S,S,S,S,S,S
USER,NOK,N,N,S,S,S,S,S,S,S,S,S,S
UUID_EXTRACT_TIMESTAMP,NOK,N,N,N,N,N,N,N,N,N,N,N,S
UUID_EXTRACT_VERSION,NOK,N,N,N,N,N,N,N,N,N,N,N,S
VAR_POP,NOK,N,N,N,S,S,S,S,S,S,S,S,S
VAR_SAMP,NOK,N,N,N,S,S,S,S,S,S,S,S,S
VARIANCE,NOK,N,N,S,S,S,S,S,S,S,S,S,S
VERSION,OK,N,N,S,S,S,S,S,S,S,S,S,S
WEBSEARCH_TO_TSQUERY,NOK,N,N,N,N,N,N,N,S,S,S,S,S
WIDTH,NOK,N,N,S,N,N,N,N,S,S,S,S,S
WIDTH_BUCKET,NOK,N,N,S,N,N,N,N,S,S,S,S,S
XML_IS_WELL_FORMED,NOK,N,N,N,N,S,S,S,S,S,S,S,S
XML_IS_WELL_FORMED_CONTENT,NOK,N,N,N,N,S,S,S,S,S,S,S,S
XML_IS_WELL_FORMED_DOCUMENT,NOK,N,N,N,N,S,S,S,S,S,S,S,S
XMLAGG,NOK,N,N,N,S,S,S,S,S,S,S,S,S
XMLCOMMENT,NOK,N,N,N,S,S,S,S,S,S,S,S,S
XMLCONCAT,NOK,N,N,N,S,S,S,S,S,S,S,S,S
XMLELEMENT,NOK,N,N,N,S,S,S,S,S,S,S,S,S
XMLEXISTS,NOK,N,N,N,N,S,S,S,S,S,S,S,S
XMLFOREST,NOK,N,N,N,S,S,S,S,S,S,S,S,S
XMLPARSE,NOK,N,N,N,S,S,S,S,S,S,S,S,S
XMLPI,NOK,N,N,N,S,S,S,S,S,S,S,S,S
XMLROOT,NOK,N,N,N,S,S,S,S,S,S,S,S,S
XMLSERIALIZE,NOK,N,N,N,S,S,S,S,S,S,S,S,S
XMLTABLE,NOK,N,N,N,N,S,S,S,S,S,S,S,S
XMLTEXT,NOK,N,N,N,N,N,N,N,N,N,N,N,S
XPATH,NOK,N,N,N,S,S,S,S,S,S,S,S,S
XPATH_EXISTS,NOK,N,N,N,N,S,S,S,S,S,S,S,S
