Project,ItemType,Condition,Include,Version
src/DbSqlLikeMem.Dapper.TestTools/DbSqlLikeMem.Dapper.TestTools.csproj,PackageReference,'$(TargetFramework)' == 'net48',Dapper,2.1.35
src/DbSqlLikeMem.Dapper.TestTools/DbSqlLikeMem.Dapper.TestTools.csproj,PackageReference,'$(TargetFramework)' == 'net48',Microsoft.NET.Test.Sdk,17.13.0
src/DbSqlLikeMem.Dapper.TestTools/DbSqlLikeMem.Dapper.TestTools.csproj,PackageReference,'$(TargetFramework)' == 'net48',xunit,2.9.3
src/DbSqlLikeMem.Dapper.TestTools/DbSqlLikeMem.Dapper.TestTools.csproj,PackageReference,'$(TargetFramework)' == 'net48',xunit.runner.visualstudio,3.1.5
src/DbSqlLikeMem.Dapper.TestTools/DbSqlLikeMem.Dapper.TestTools.csproj,PackageReference,'$(TargetFramework)' == 'netstandard2.1',Microsoft.NET.Test.Sdk,17.13.0
src/DbSqlLikeMem.Dapper.TestTools/DbSqlLikeMem.Dapper.TestTools.csproj,PackageReference,'$(TargetFramework)' == 'netstandard2.1',xunit,2.9.3
src/DbSqlLikeMem.Dapper.TestTools/DbSqlLikeMem.Dapper.TestTools.csproj,PackageReference,'$(TargetFramework)' == 'netstandard2.1',xunit.abstractions,2.0.3
src/DbSqlLikeMem.Dapper.TestTools/DbSqlLikeMem.Dapper.TestTools.csproj,PackageReference,'$(TargetFramework)' == 'netstandard2.1',xunit.runner.visualstudio,2.1.0
src/DbSqlLikeMem.Dapper.TestTools/DbSqlLikeMem.Dapper.TestTools.csproj,PackageReference,'$(TargetFramework)' == 'net6.0',Dapper,2.1.35
src/DbSqlLikeMem.Dapper.TestTools/DbSqlLikeMem.Dapper.TestTools.csproj,PackageReference,'$(TargetFramework)' == 'net6.0',Microsoft.NET.Test.Sdk,17.13.0
src/DbSqlLikeMem.Dapper.TestTools/DbSqlLikeMem.Dapper.TestTools.csproj,PackageReference,'$(TargetFramework)' == 'net6.0',xunit,2.9.3
src/DbSqlLikeMem.Dapper.TestTools/DbSqlLikeMem.Dapper.TestTools.csproj,PackageReference,'$(TargetFramework)' == 'net6.0',xunit.runner.visualstudio,3.0.2
src/DbSqlLikeMem.Dapper.TestTools/DbSqlLikeMem.Dapper.TestTools.csproj,PackageReference,'$(TargetFramework)' == 'net8.0' Or '$(TargetFramework)' == 'net10.0',Dapper,2.1.66
src/DbSqlLikeMem.Dapper.TestTools/DbSqlLikeMem.Dapper.TestTools.csproj,PackageReference,'$(TargetFramework)' == 'net8.0' Or '$(TargetFramework)' == 'net10.0',Microsoft.NET.Test.Sdk,18.0.1
src/DbSqlLikeMem.Dapper.TestTools/DbSqlLikeMem.Dapper.TestTools.csproj,PackageReference,'$(TargetFramework)' == 'net8.0' Or '$(TargetFramework)' == 'net10.0',xunit.v3,3.2.2
src/DbSqlLikeMem.Dapper.TestTools/DbSqlLikeMem.Dapper.TestTools.csproj,PackageReference,'$(TargetFramework)' == 'net8.0' Or '$(TargetFramework)' == 'net10.0',xunit.v3.extensibility.core,3.2.2
src/DbSqlLikeMem.Dapper.TestTools/DbSqlLikeMem.Dapper.TestTools.csproj,PackageReference,'$(TargetFramework)' == 'net8.0' Or '$(TargetFramework)' == 'net10.0',xunit.runner.visualstudio,3.1.5
src/DbSqlLikeMem.Db2.Dapper.Test/DbSqlLikeMem.Db2.Dapper.Test.csproj,PackageReference,'$(TargetFramework)' == 'net48',Microsoft.NET.Test.Sdk,17.13.0
src/DbSqlLikeMem.Db2.Dapper.Test/DbSqlLikeMem.Db2.Dapper.Test.csproj,PackageReference,'$(TargetFramework)' == 'net48',xunit.runner.visualstudio,3.1.5
src/DbSqlLikeMem.Db2.Dapper.Test/DbSqlLikeMem.Db2.Dapper.Test.csproj,PackageReference,'$(TargetFramework)' == 'net6.0',Microsoft.NET.Test.Sdk,17.13.0
src/DbSqlLikeMem.Db2.Dapper.Test/DbSqlLikeMem.Db2.Dapper.Test.csproj,PackageReference,'$(TargetFramework)' == 'net6.0',xunit.runner.visualstudio,3.0.2
src/DbSqlLikeMem.Db2.Dapper.Test/DbSqlLikeMem.Db2.Dapper.Test.csproj,PackageReference,'$(TargetFramework)' == 'net8.0' Or '$(TargetFramework)' == 'net10.0',Microsoft.NET.Test.Sdk,18.0.1
src/DbSqlLikeMem.Db2.Dapper.Test/DbSqlLikeMem.Db2.Dapper.Test.csproj,PackageReference,'$(TargetFramework)' == 'net8.0' Or '$(TargetFramework)' == 'net10.0',xunit.runner.visualstudio,3.1.5
src/DbSqlLikeMem.Db2.EfCore.Test/DbSqlLikeMem.Db2.EfCore.Test.csproj,PackageReference,'$(TargetFramework)' == 'net6.0',Microsoft.NET.Test.Sdk,17.13.0
src/DbSqlLikeMem.Db2.EfCore.Test/DbSqlLikeMem.Db2.EfCore.Test.csproj,PackageReference,'$(TargetFramework)' == 'net6.0',xunit.runner.visualstudio,3.0.2
src/DbSqlLikeMem.Db2.EfCore.Test/DbSqlLikeMem.Db2.EfCore.Test.csproj,PackageReference,'$(TargetFramework)' == 'net8.0' Or '$(TargetFramework)' == 'net10.0',Microsoft.NET.Test.Sdk,18.0.1
src/DbSqlLikeMem.Db2.EfCore.Test/DbSqlLikeMem.Db2.EfCore.Test.csproj,PackageReference,'$(TargetFramework)' == 'net8.0' Or '$(TargetFramework)' == 'net10.0',xunit.runner.visualstudio,3.1.5
src/DbSqlLikeMem.Db2.LinqToDb.Test/DbSqlLikeMem.Db2.LinqToDb.Test.csproj,PackageReference,'$(TargetFramework)' == 'net6.0',Microsoft.NET.Test.Sdk,17.13.0
src/DbSqlLikeMem.Db2.LinqToDb.Test/DbSqlLikeMem.Db2.LinqToDb.Test.csproj,PackageReference,'$(TargetFramework)' == 'net6.0',xunit.runner.visualstudio,3.0.2
src/DbSqlLikeMem.Db2.LinqToDb.Test/DbSqlLikeMem.Db2.LinqToDb.Test.csproj,PackageReference,'$(TargetFramework)' == 'net8.0' Or '$(TargetFramework)' == 'net10.0',Microsoft.NET.Test.Sdk,18.0.1
src/DbSqlLikeMem.Db2.LinqToDb.Test/DbSqlLikeMem.Db2.LinqToDb.Test.csproj,PackageReference,'$(TargetFramework)' == 'net8.0' Or '$(TargetFramework)' == 'net10.0',xunit.runner.visualstudio,3.1.5
src/DbSqlLikeMem.Db2.NHibernate.Test/DbSqlLikeMem.Db2.NHibernate.Test.csproj,PackageReference,'$(TargetFramework)' == 'net6.0',Microsoft.NET.Test.Sdk,17.13.0
src/DbSqlLikeMem.Db2.NHibernate.Test/DbSqlLikeMem.Db2.NHibernate.Test.csproj,PackageReference,'$(TargetFramework)' == 'net6.0',xunit.runner.visualstudio,3.0.2
src/DbSqlLikeMem.Db2.NHibernate.Test/DbSqlLikeMem.Db2.NHibernate.Test.csproj,PackageReference,'$(TargetFramework)' == 'net8.0' Or '$(TargetFramework)' == 'net10.0',Microsoft.NET.Test.Sdk,18.0.1
src/DbSqlLikeMem.Db2.NHibernate.Test/DbSqlLikeMem.Db2.NHibernate.Test.csproj,PackageReference,'$(TargetFramework)' == 'net8.0' Or '$(TargetFramework)' == 'net10.0',xunit.runner.visualstudio,3.1.5
src/DbSqlLikeMem.Db2.Test/DbSqlLikeMem.Db2.Test.csproj,PackageReference,'$(TargetFramework)' == 'net48',Microsoft.NET.Test.Sdk,17.13.0
src/DbSqlLikeMem.Db2.Test/DbSqlLikeMem.Db2.Test.csproj,PackageReference,'$(TargetFramework)' == 'net48',xunit.runner.visualstudio,3.1.5
src/DbSqlLikeMem.Db2.Test/DbSqlLikeMem.Db2.Test.csproj,PackageReference,'$(TargetFramework)' == 'netstandard2.1',Microsoft.NET.Test.Sdk,17.13.0
src/DbSqlLikeMem.Db2.Test/DbSqlLikeMem.Db2.Test.csproj,PackageReference,'$(TargetFramework)' == 'netstandard2.1',xunit.runner.visualstudio,2.1.0
src/DbSqlLikeMem.Db2.Test/DbSqlLikeMem.Db2.Test.csproj,PackageReference,'$(TargetFramework)' == 'net6.0',Microsoft.NET.Test.Sdk,17.13.0
src/DbSqlLikeMem.Db2.Test/DbSqlLikeMem.Db2.Test.csproj,PackageReference,'$(TargetFramework)' == 'net6.0',xunit.runner.visualstudio,3.0.2
src/DbSqlLikeMem.Db2.Test/DbSqlLikeMem.Db2.Test.csproj,PackageReference,'$(TargetFramework)' == 'net8.0' Or '$(TargetFramework)' == 'net10.0',Microsoft.NET.Test.Sdk,18.0.1
src/DbSqlLikeMem.Db2.Test/DbSqlLikeMem.Db2.Test.csproj,PackageReference,'$(TargetFramework)' == 'net8.0' Or '$(TargetFramework)' == 'net10.0',xunit.runner.visualstudio,3.1.5
src/DbSqlLikeMem.Db2/DbSqlLikeMem.Db2.csproj,PackageReference,'$(TargetFramework)' == 'net6.0',Net.IBM.Data.Db2,6.0.0.500
src/DbSqlLikeMem.Db2/DbSqlLikeMem.Db2.csproj,PackageReference,'$(TargetFramework)' == 'net8.0' Or '$(TargetFramework)' == 'net10.0',Net.IBM.Data.Db2,9.0.0.400
src/DbSqlLikeMem.EfCore.TestTools/DbSqlLikeMem.EfCore.TestTools.csproj,PackageReference,'$(TargetFramework)' == 'net48',Microsoft.NET.Test.Sdk,17.13.0
src/DbSqlLikeMem.EfCore.TestTools/DbSqlLikeMem.EfCore.TestTools.csproj,PackageReference,'$(TargetFramework)' == 'net48',xunit,2.9.3
src/DbSqlLikeMem.EfCore.TestTools/DbSqlLikeMem.EfCore.TestTools.csproj,PackageReference,'$(TargetFramework)' == 'net48',xunit.runner.visualstudio,3.1.5
src/DbSqlLikeMem.EfCore.TestTools/DbSqlLikeMem.EfCore.TestTools.csproj,PackageReference,'$(TargetFramework)' == 'net6.0',Microsoft.NET.Test.Sdk,17.13.0
src/DbSqlLikeMem.EfCore.TestTools/DbSqlLikeMem.EfCore.TestTools.csproj,PackageReference,'$(TargetFramework)' == 'net6.0',xunit,2.9.3
src/DbSqlLikeMem.EfCore.TestTools/DbSqlLikeMem.EfCore.TestTools.csproj,PackageReference,'$(TargetFramework)' == 'net6.0',xunit.runner.visualstudio,3.0.2
src/DbSqlLikeMem.EfCore.TestTools/DbSqlLikeMem.EfCore.TestTools.csproj,PackageReference,'$(TargetFramework)' == 'net8.0' Or '$(TargetFramework)' == 'net10.0',Microsoft.NET.Test.Sdk,18.0.1
src/DbSqlLikeMem.EfCore.TestTools/DbSqlLikeMem.EfCore.TestTools.csproj,PackageReference,'$(TargetFramework)' == 'net8.0' Or '$(TargetFramework)' == 'net10.0',xunit.v3,3.2.2
src/DbSqlLikeMem.EfCore.TestTools/DbSqlLikeMem.EfCore.TestTools.csproj,PackageReference,'$(TargetFramework)' == 'net8.0' Or '$(TargetFramework)' == 'net10.0',xunit.runner.visualstudio,3.1.5
src/DbSqlLikeMem.LinqToDb.TestTools/DbSqlLikeMem.LinqToDb.TestTools.csproj,PackageReference,'$(TargetFramework)' == 'net48',Microsoft.NET.Test.Sdk,17.13.0
src/DbSqlLikeMem.LinqToDb.TestTools/DbSqlLikeMem.LinqToDb.TestTools.csproj,PackageReference,'$(TargetFramework)' == 'net48',xunit,2.9.3
src/DbSqlLikeMem.LinqToDb.TestTools/DbSqlLikeMem.LinqToDb.TestTools.csproj,PackageReference,'$(TargetFramework)' == 'net48',xunit.runner.visualstudio,3.1.5
src/DbSqlLikeMem.LinqToDb.TestTools/DbSqlLikeMem.LinqToDb.TestTools.csproj,PackageReference,'$(TargetFramework)' == 'net6.0',Microsoft.NET.Test.Sdk,17.13.0
src/DbSqlLikeMem.LinqToDb.TestTools/DbSqlLikeMem.LinqToDb.TestTools.csproj,PackageReference,'$(TargetFramework)' == 'net6.0',xunit,2.9.3
src/DbSqlLikeMem.LinqToDb.TestTools/DbSqlLikeMem.LinqToDb.TestTools.csproj,PackageReference,'$(TargetFramework)' == 'net6.0',xunit.runner.visualstudio,3.0.2
src/DbSqlLikeMem.LinqToDb.TestTools/DbSqlLikeMem.LinqToDb.TestTools.csproj,PackageReference,'$(TargetFramework)' == 'net8.0' Or '$(TargetFramework)' == 'net10.0',Microsoft.NET.Test.Sdk,18.0.1
src/DbSqlLikeMem.LinqToDb.TestTools/DbSqlLikeMem.LinqToDb.TestTools.csproj,PackageReference,'$(TargetFramework)' == 'net8.0' Or '$(TargetFramework)' == 'net10.0',xunit.v3,3.2.2
src/DbSqlLikeMem.LinqToDb.TestTools/DbSqlLikeMem.LinqToDb.TestTools.csproj,PackageReference,'$(TargetFramework)' == 'net8.0' Or '$(TargetFramework)' == 'net10.0',xunit.runner.visualstudio,3.1.5
src/DbSqlLikeMem.MiniProfiler.TestTools/DbSqlLikeMem.MiniProfiler.TestTools.csproj,PackageReference,'$(TargetFramework)' == 'net48',Microsoft.NET.Test.Sdk,17.13.0
src/DbSqlLikeMem.MiniProfiler.TestTools/DbSqlLikeMem.MiniProfiler.TestTools.csproj,PackageReference,'$(TargetFramework)' == 'net48',xunit,2.9.3
src/DbSqlLikeMem.MiniProfiler.TestTools/DbSqlLikeMem.MiniProfiler.TestTools.csproj,PackageReference,'$(TargetFramework)' == 'net48',xunit.runner.visualstudio,3.1.5
src/DbSqlLikeMem.MiniProfiler.TestTools/DbSqlLikeMem.MiniProfiler.TestTools.csproj,PackageReference,'$(TargetFramework)' == 'netstandard2.1',Microsoft.NET.Test.Sdk,17.13.0
src/DbSqlLikeMem.MiniProfiler.TestTools/DbSqlLikeMem.MiniProfiler.TestTools.csproj,PackageReference,'$(TargetFramework)' == 'netstandard2.1',xunit,2.9.3
src/DbSqlLikeMem.MiniProfiler.TestTools/DbSqlLikeMem.MiniProfiler.TestTools.csproj,PackageReference,'$(TargetFramework)' == 'netstandard2.1',xunit.abstractions,2.0.3
src/DbSqlLikeMem.MiniProfiler.TestTools/DbSqlLikeMem.MiniProfiler.TestTools.csproj,PackageReference,'$(TargetFramework)' == 'netstandard2.1',xunit.runner.visualstudio,2.1.0
src/DbSqlLikeMem.MiniProfiler.TestTools/DbSqlLikeMem.MiniProfiler.TestTools.csproj,PackageReference,'$(TargetFramework)' == 'net6.0',Microsoft.NET.Test.Sdk,17.13.0
src/DbSqlLikeMem.MiniProfiler.TestTools/DbSqlLikeMem.MiniProfiler.TestTools.csproj,PackageReference,'$(TargetFramework)' == 'net6.0',xunit,2.9.3
src/DbSqlLikeMem.MiniProfiler.TestTools/DbSqlLikeMem.MiniProfiler.TestTools.csproj,PackageReference,'$(TargetFramework)' == 'net6.0',xunit.runner.visualstudio,3.0.2
src/DbSqlLikeMem.MiniProfiler.TestTools/DbSqlLikeMem.MiniProfiler.TestTools.csproj,PackageReference,'$(TargetFramework)' == 'net8.0' Or '$(TargetFramework)' == 'net10.0',Microsoft.NET.Test.Sdk,18.0.1
src/DbSqlLikeMem.MiniProfiler.TestTools/DbSqlLikeMem.MiniProfiler.TestTools.csproj,PackageReference,'$(TargetFramework)' == 'net8.0' Or '$(TargetFramework)' == 'net10.0',xunit.v3,3.2.2
src/DbSqlLikeMem.MiniProfiler.TestTools/DbSqlLikeMem.MiniProfiler.TestTools.csproj,PackageReference,'$(TargetFramework)' == 'net8.0' Or '$(TargetFramework)' == 'net10.0',xunit.v3.extensibility.core,3.2.2
src/DbSqlLikeMem.MiniProfiler.TestTools/DbSqlLikeMem.MiniProfiler.TestTools.csproj,PackageReference,'$(TargetFramework)' == 'net8.0' Or '$(TargetFramework)' == 'net10.0',xunit.runner.visualstudio,3.1.5
src/DbSqlLikeMem.MySql.Dapper.Test/DbSqlLikeMem.MySql.Dapper.Test.csproj,PackageReference,'$(TargetFramework)' == 'net6.0',Dapper,2.1.35
src/DbSqlLikeMem.MySql.Dapper.Test/DbSqlLikeMem.MySql.Dapper.Test.csproj,PackageReference,'$(TargetFramework)' == 'net8.0' Or '$(TargetFramework)' == 'net10.0',Dapper,2.1.66
src/DbSqlLikeMem.MySql.Dapper.Test/DbSqlLikeMem.MySql.Dapper.Test.csproj,PackageReference,'$(TargetFramework)' == 'net48',Dapper,2.1.35
src/DbSqlLikeMem.MySql.Dapper.Test/DbSqlLikeMem.MySql.Dapper.Test.csproj,PackageReference,'$(TargetFramework)' == 'net48',Microsoft.NET.Test.Sdk,17.13.0
src/DbSqlLikeMem.MySql.Dapper.Test/DbSqlLikeMem.MySql.Dapper.Test.csproj,PackageReference,'$(TargetFramework)' == 'net48',xunit.runner.visualstudio,3.1.5
src/DbSqlLikeMem.MySql.Dapper.Test/DbSqlLikeMem.MySql.Dapper.Test.csproj,PackageReference,'$(TargetFramework)' == 'net6.0',Microsoft.NET.Test.Sdk,17.13.0
src/DbSqlLikeMem.MySql.Dapper.Test/DbSqlLikeMem.MySql.Dapper.Test.csproj,PackageReference,'$(TargetFramework)' == 'net6.0',xunit.runner.visualstudio,3.0.2
src/DbSqlLikeMem.MySql.Dapper.Test/DbSqlLikeMem.MySql.Dapper.Test.csproj,PackageReference,'$(TargetFramework)' == 'net8.0' Or '$(TargetFramework)' == 'net10.0',Microsoft.NET.Test.Sdk,18.0.1
src/DbSqlLikeMem.MySql.Dapper.Test/DbSqlLikeMem.MySql.Dapper.Test.csproj,PackageReference,'$(TargetFramework)' == 'net8.0' Or '$(TargetFramework)' == 'net10.0',xunit.runner.visualstudio,3.1.5
src/DbSqlLikeMem.MySql.EfCore.Test/DbSqlLikeMem.MySql.EfCore.Test.csproj,PackageReference,'$(TargetFramework)' == 'net48',Microsoft.NET.Test.Sdk,17.13.0
src/DbSqlLikeMem.MySql.EfCore.Test/DbSqlLikeMem.MySql.EfCore.Test.csproj,PackageReference,'$(TargetFramework)' == 'net48',xunit.runner.visualstudio,3.1.5
src/DbSqlLikeMem.MySql.EfCore.Test/DbSqlLikeMem.MySql.EfCore.Test.csproj,PackageReference,'$(TargetFramework)' == 'net6.0',Microsoft.NET.Test.Sdk,17.13.0
src/DbSqlLikeMem.MySql.EfCore.Test/DbSqlLikeMem.MySql.EfCore.Test.csproj,PackageReference,'$(TargetFramework)' == 'net6.0',xunit.runner.visualstudio,3.0.2
src/DbSqlLikeMem.MySql.EfCore.Test/DbSqlLikeMem.MySql.EfCore.Test.csproj,PackageReference,'$(TargetFramework)' == 'net8.0' Or '$(TargetFramework)' == 'net10.0',Microsoft.NET.Test.Sdk,18.0.1
src/DbSqlLikeMem.MySql.EfCore.Test/DbSqlLikeMem.MySql.EfCore.Test.csproj,PackageReference,'$(TargetFramework)' == 'net8.0' Or '$(TargetFramework)' == 'net10.0',xunit.runner.visualstudio,3.1.5
src/DbSqlLikeMem.MySql.LinqToDb.Test/DbSqlLikeMem.MySql.LinqToDb.Test.csproj,PackageReference,'$(TargetFramework)' == 'net48',Microsoft.NET.Test.Sdk,17.13.0
src/DbSqlLikeMem.MySql.LinqToDb.Test/DbSqlLikeMem.MySql.LinqToDb.Test.csproj,PackageReference,'$(TargetFramework)' == 'net48',xunit.runner.visualstudio,3.1.5
src/DbSqlLikeMem.MySql.LinqToDb.Test/DbSqlLikeMem.MySql.LinqToDb.Test.csproj,PackageReference,'$(TargetFramework)' == 'net6.0',Microsoft.NET.Test.Sdk,17.13.0
src/DbSqlLikeMem.MySql.LinqToDb.Test/DbSqlLikeMem.MySql.LinqToDb.Test.csproj,PackageReference,'$(TargetFramework)' == 'net6.0',xunit.runner.visualstudio,3.0.2
src/DbSqlLikeMem.MySql.LinqToDb.Test/DbSqlLikeMem.MySql.LinqToDb.Test.csproj,PackageReference,'$(TargetFramework)' == 'net8.0' Or '$(TargetFramework)' == 'net10.0',Microsoft.NET.Test.Sdk,18.0.1
src/DbSqlLikeMem.MySql.LinqToDb.Test/DbSqlLikeMem.MySql.LinqToDb.Test.csproj,PackageReference,'$(TargetFramework)' == 'net8.0' Or '$(TargetFramework)' == 'net10.0',xunit.runner.visualstudio,3.1.5
src/DbSqlLikeMem.MySql.MiniProfiler.Test/DbSqlLikeMem.MySql.MiniProfiler.Test.csproj,PackageReference,'$(TargetFramework)' == 'net48',Microsoft.NET.Test.Sdk,17.13.0
src/DbSqlLikeMem.MySql.MiniProfiler.Test/DbSqlLikeMem.MySql.MiniProfiler.Test.csproj,PackageReference,'$(TargetFramework)' == 'net48',xunit.runner.visualstudio,3.1.5
src/DbSqlLikeMem.MySql.MiniProfiler.Test/DbSqlLikeMem.MySql.MiniProfiler.Test.csproj,PackageReference,'$(TargetFramework)' == 'netstandard2.1',Microsoft.NET.Test.Sdk,17.13.0
src/DbSqlLikeMem.MySql.MiniProfiler.Test/DbSqlLikeMem.MySql.MiniProfiler.Test.csproj,PackageReference,'$(TargetFramework)' == 'netstandard2.1',xunit.runner.visualstudio,2.1.0
src/DbSqlLikeMem.MySql.MiniProfiler.Test/DbSqlLikeMem.MySql.MiniProfiler.Test.csproj,PackageReference,'$(TargetFramework)' == 'net6.0',Microsoft.NET.Test.Sdk,17.13.0
src/DbSqlLikeMem.MySql.MiniProfiler.Test/DbSqlLikeMem.MySql.MiniProfiler.Test.csproj,PackageReference,'$(TargetFramework)' == 'net6.0',xunit.runner.visualstudio,3.0.2
src/DbSqlLikeMem.MySql.MiniProfiler.Test/DbSqlLikeMem.MySql.MiniProfiler.Test.csproj,PackageReference,'$(TargetFramework)' == 'net8.0' Or '$(TargetFramework)' == 'net10.0',Microsoft.NET.Test.Sdk,18.0.1
src/DbSqlLikeMem.MySql.MiniProfiler.Test/DbSqlLikeMem.MySql.MiniProfiler.Test.csproj,PackageReference,'$(TargetFramework)' == 'net8.0' Or '$(TargetFramework)' == 'net10.0',xunit.runner.visualstudio,3.1.5
src/DbSqlLikeMem.MySql.NHibernate.Test/DbSqlLikeMem.MySql.NHibernate.Test.csproj,PackageReference,'$(TargetFramework)' == 'net48',Microsoft.NET.Test.Sdk,17.13.0
src/DbSqlLikeMem.MySql.NHibernate.Test/DbSqlLikeMem.MySql.NHibernate.Test.csproj,PackageReference,'$(TargetFramework)' == 'net48',xunit.runner.visualstudio,3.1.5
src/DbSqlLikeMem.MySql.NHibernate.Test/DbSqlLikeMem.MySql.NHibernate.Test.csproj,PackageReference,'$(TargetFramework)' == 'net6.0',Microsoft.NET.Test.Sdk,17.13.0
src/DbSqlLikeMem.MySql.NHibernate.Test/DbSqlLikeMem.MySql.NHibernate.Test.csproj,PackageReference,'$(TargetFramework)' == 'net6.0',xunit.runner.visualstudio,3.0.2
src/DbSqlLikeMem.MySql.NHibernate.Test/DbSqlLikeMem.MySql.NHibernate.Test.csproj,PackageReference,'$(TargetFramework)' == 'net8.0' Or '$(TargetFramework)' == 'net10.0',Microsoft.NET.Test.Sdk,18.0.1
src/DbSqlLikeMem.MySql.NHibernate.Test/DbSqlLikeMem.MySql.NHibernate.Test.csproj,PackageReference,'$(TargetFramework)' == 'net8.0' Or '$(TargetFramework)' == 'net10.0',xunit.runner.visualstudio,3.1.5
src/DbSqlLikeMem.MySql.Test/DbSqlLikeMem.MySql.Test.csproj,PackageReference,'$(TargetFramework)' == 'net48',Microsoft.NET.Test.Sdk,17.13.0
src/DbSqlLikeMem.MySql.Test/DbSqlLikeMem.MySql.Test.csproj,PackageReference,'$(TargetFramework)' == 'net48',xunit.runner.visualstudio,3.1.5
src/DbSqlLikeMem.MySql.Test/DbSqlLikeMem.MySql.Test.csproj,PackageReference,'$(TargetFramework)' == 'netstandard2.1',Microsoft.NET.Test.Sdk,17.13.0
src/DbSqlLikeMem.MySql.Test/DbSqlLikeMem.MySql.Test.csproj,PackageReference,'$(TargetFramework)' == 'netstandard2.1',xunit.runner.visualstudio,2.1.0
src/DbSqlLikeMem.MySql.Test/DbSqlLikeMem.MySql.Test.csproj,PackageReference,'$(TargetFramework)' == 'net6.0',Microsoft.NET.Test.Sdk,17.13.0
src/DbSqlLikeMem.MySql.Test/DbSqlLikeMem.MySql.Test.csproj,PackageReference,'$(TargetFramework)' == 'net6.0',xunit.runner.visualstudio,3.0.2
src/DbSqlLikeMem.MySql.Test/DbSqlLikeMem.MySql.Test.csproj,PackageReference,'$(TargetFramework)' == 'net8.0' Or '$(TargetFramework)' == 'net10.0',Microsoft.NET.Test.Sdk,18.0.1
src/DbSqlLikeMem.MySql.Test/DbSqlLikeMem.MySql.Test.csproj,PackageReference,'$(TargetFramework)' == 'net8.0' Or '$(TargetFramework)' == 'net10.0',xunit.runner.visualstudio,3.1.5
src/DbSqlLikeMem.NHibernate.TestTools/DbSqlLikeMem.NHibernate.TestTools.csproj,PackageReference,'$(TargetFramework)' == 'net48',Microsoft.NET.Test.Sdk,17.13.0
src/DbSqlLikeMem.NHibernate.TestTools/DbSqlLikeMem.NHibernate.TestTools.csproj,PackageReference,'$(TargetFramework)' == 'net48',xunit,2.9.3
src/DbSqlLikeMem.NHibernate.TestTools/DbSqlLikeMem.NHibernate.TestTools.csproj,PackageReference,'$(TargetFramework)' == 'net48',xunit.runner.visualstudio,3.1.5
src/DbSqlLikeMem.NHibernate.TestTools/DbSqlLikeMem.NHibernate.TestTools.csproj,PackageReference,'$(TargetFramework)' == 'netstandard2.1',Microsoft.NET.Test.Sdk,17.13.0
src/DbSqlLikeMem.NHibernate.TestTools/DbSqlLikeMem.NHibernate.TestTools.csproj,PackageReference,'$(TargetFramework)' == 'netstandard2.1',xunit,2.9.3
src/DbSqlLikeMem.NHibernate.TestTools/DbSqlLikeMem.NHibernate.TestTools.csproj,PackageReference,'$(TargetFramework)' == 'netstandard2.1',xunit.abstractions,2.0.3
src/DbSqlLikeMem.NHibernate.TestTools/DbSqlLikeMem.NHibernate.TestTools.csproj,PackageReference,'$(TargetFramework)' == 'netstandard2.1',xunit.runner.visualstudio,2.1.0
src/DbSqlLikeMem.NHibernate.TestTools/DbSqlLikeMem.NHibernate.TestTools.csproj,PackageReference,'$(TargetFramework)' == 'net6.0',Microsoft.NET.Test.Sdk,17.13.0
src/DbSqlLikeMem.NHibernate.TestTools/DbSqlLikeMem.NHibernate.TestTools.csproj,PackageReference,'$(TargetFramework)' == 'net6.0',xunit,2.9.3
src/DbSqlLikeMem.NHibernate.TestTools/DbSqlLikeMem.NHibernate.TestTools.csproj,PackageReference,'$(TargetFramework)' == 'net6.0',xunit.runner.visualstudio,3.0.2
src/DbSqlLikeMem.NHibernate.TestTools/DbSqlLikeMem.NHibernate.TestTools.csproj,PackageReference,'$(TargetFramework)' == 'net8.0' Or '$(TargetFramework)' == 'net10.0',Microsoft.NET.Test.Sdk,18.0.1
src/DbSqlLikeMem.NHibernate.TestTools/DbSqlLikeMem.NHibernate.TestTools.csproj,PackageReference,'$(TargetFramework)' == 'net8.0' Or '$(TargetFramework)' == 'net10.0',xunit.v3,3.2.2
src/DbSqlLikeMem.NHibernate.TestTools/DbSqlLikeMem.NHibernate.TestTools.csproj,PackageReference,'$(TargetFramework)' == 'net8.0' Or '$(TargetFramework)' == 'net10.0',xunit.runner.visualstudio,3.1.5
src/DbSqlLikeMem.Npgsql.Dapper.Test/DbSqlLikeMem.Npgsql.Dapper.Test.csproj,PackageReference,'$(TargetFramework)' == 'net6.0',Dapper,2.1.35
src/DbSqlLikeMem.Npgsql.Dapper.Test/DbSqlLikeMem.Npgsql.Dapper.Test.csproj,PackageReference,'$(TargetFramework)' == 'net8.0' Or '$(TargetFramework)' == 'net10.0',Dapper,2.1.66
src/DbSqlLikeMem.Npgsql.Dapper.Test/DbSqlLikeMem.Npgsql.Dapper.Test.csproj,PackageReference,'$(TargetFramework)' == 'net48',Dapper,2.1.35
src/DbSqlLikeMem.Npgsql.Dapper.Test/DbSqlLikeMem.Npgsql.Dapper.Test.csproj,PackageReference,'$(TargetFramework)' == 'net48',Microsoft.NET.Test.Sdk,17.13.0
src/DbSqlLikeMem.Npgsql.Dapper.Test/DbSqlLikeMem.Npgsql.Dapper.Test.csproj,PackageReference,'$(TargetFramework)' == 'net48',xunit.runner.visualstudio,3.1.5
src/DbSqlLikeMem.Npgsql.Dapper.Test/DbSqlLikeMem.Npgsql.Dapper.Test.csproj,PackageReference,'$(TargetFramework)' == 'net6.0',Microsoft.NET.Test.Sdk,17.13.0
src/DbSqlLikeMem.Npgsql.Dapper.Test/DbSqlLikeMem.Npgsql.Dapper.Test.csproj,PackageReference,'$(TargetFramework)' == 'net6.0',xunit.runner.visualstudio,3.0.2
src/DbSqlLikeMem.Npgsql.Dapper.Test/DbSqlLikeMem.Npgsql.Dapper.Test.csproj,PackageReference,'$(TargetFramework)' == 'net8.0' Or '$(TargetFramework)' == 'net10.0',Microsoft.NET.Test.Sdk,18.0.1
src/DbSqlLikeMem.Npgsql.Dapper.Test/DbSqlLikeMem.Npgsql.Dapper.Test.csproj,PackageReference,'$(TargetFramework)' == 'net8.0' Or '$(TargetFramework)' == 'net10.0',xunit.runner.visualstudio,3.1.5
src/DbSqlLikeMem.Npgsql.EfCore.Test/DbSqlLikeMem.Npgsql.EfCore.Test.csproj,PackageReference,'$(TargetFramework)' == 'net48',Microsoft.NET.Test.Sdk,17.13.0
src/DbSqlLikeMem.Npgsql.EfCore.Test/DbSqlLikeMem.Npgsql.EfCore.Test.csproj,PackageReference,'$(TargetFramework)' == 'net48',xunit.runner.visualstudio,3.1.5
src/DbSqlLikeMem.Npgsql.EfCore.Test/DbSqlLikeMem.Npgsql.EfCore.Test.csproj,PackageReference,'$(TargetFramework)' == 'net6.0',Microsoft.NET.Test.Sdk,17.13.0
src/DbSqlLikeMem.Npgsql.EfCore.Test/DbSqlLikeMem.Npgsql.EfCore.Test.csproj,PackageReference,'$(TargetFramework)' == 'net6.0',xunit.runner.visualstudio,3.0.2
src/DbSqlLikeMem.Npgsql.EfCore.Test/DbSqlLikeMem.Npgsql.EfCore.Test.csproj,PackageReference,'$(TargetFramework)' == 'net8.0' Or '$(TargetFramework)' == 'net10.0',Microsoft.NET.Test.Sdk,18.0.1
src/DbSqlLikeMem.Npgsql.EfCore.Test/DbSqlLikeMem.Npgsql.EfCore.Test.csproj,PackageReference,'$(TargetFramework)' == 'net8.0' Or '$(TargetFramework)' == 'net10.0',xunit.runner.visualstudio,3.1.5
src/DbSqlLikeMem.Npgsql.LinqToDb.Test/DbSqlLikeMem.Npgsql.LinqToDb.Test.csproj,PackageReference,'$(TargetFramework)' == 'net48',Microsoft.NET.Test.Sdk,17.13.0
src/DbSqlLikeMem.Npgsql.LinqToDb.Test/DbSqlLikeMem.Npgsql.LinqToDb.Test.csproj,PackageReference,'$(TargetFramework)' == 'net48',xunit.runner.visualstudio,3.1.5
src/DbSqlLikeMem.Npgsql.LinqToDb.Test/DbSqlLikeMem.Npgsql.LinqToDb.Test.csproj,PackageReference,'$(TargetFramework)' == 'net6.0',Microsoft.NET.Test.Sdk,17.13.0
src/DbSqlLikeMem.Npgsql.LinqToDb.Test/DbSqlLikeMem.Npgsql.LinqToDb.Test.csproj,PackageReference,'$(TargetFramework)' == 'net6.0',xunit.runner.visualstudio,3.0.2
src/DbSqlLikeMem.Npgsql.LinqToDb.Test/DbSqlLikeMem.Npgsql.LinqToDb.Test.csproj,PackageReference,'$(TargetFramework)' == 'net8.0' Or '$(TargetFramework)' == 'net10.0',Microsoft.NET.Test.Sdk,18.0.1
src/DbSqlLikeMem.Npgsql.LinqToDb.Test/DbSqlLikeMem.Npgsql.LinqToDb.Test.csproj,PackageReference,'$(TargetFramework)' == 'net8.0' Or '$(TargetFramework)' == 'net10.0',xunit.runner.visualstudio,3.1.5
src/DbSqlLikeMem.Npgsql.NHibernate.Test/DbSqlLikeMem.Npgsql.NHibernate.Test.csproj,PackageReference,'$(TargetFramework)' == 'net48',Microsoft.NET.Test.Sdk,17.13.0
src/DbSqlLikeMem.Npgsql.NHibernate.Test/DbSqlLikeMem.Npgsql.NHibernate.Test.csproj,PackageReference,'$(TargetFramework)' == 'net48',xunit.runner.visualstudio,3.1.5
src/DbSqlLikeMem.Npgsql.NHibernate.Test/DbSqlLikeMem.Npgsql.NHibernate.Test.csproj,PackageReference,'$(TargetFramework)' == 'net6.0',Microsoft.NET.Test.Sdk,17.13.0
src/DbSqlLikeMem.Npgsql.NHibernate.Test/DbSqlLikeMem.Npgsql.NHibernate.Test.csproj,PackageReference,'$(TargetFramework)' == 'net6.0',xunit.runner.visualstudio,3.0.2
src/DbSqlLikeMem.Npgsql.NHibernate.Test/DbSqlLikeMem.Npgsql.NHibernate.Test.csproj,PackageReference,'$(TargetFramework)' == 'net8.0' Or '$(TargetFramework)' == 'net10.0',Microsoft.NET.Test.Sdk,18.0.1
src/DbSqlLikeMem.Npgsql.NHibernate.Test/DbSqlLikeMem.Npgsql.NHibernate.Test.csproj,PackageReference,'$(TargetFramework)' == 'net8.0' Or '$(TargetFramework)' == 'net10.0',xunit.runner.visualstudio,3.1.5
src/DbSqlLikeMem.Npgsql.Test/DbSqlLikeMem.Npgsql.Test.csproj,PackageReference,'$(TargetFramework)' == 'net48',Microsoft.NET.Test.Sdk,17.13.0
src/DbSqlLikeMem.Npgsql.Test/DbSqlLikeMem.Npgsql.Test.csproj,PackageReference,'$(TargetFramework)' == 'net48',xunit.runner.visualstudio,3.1.5
src/DbSqlLikeMem.Npgsql.Test/DbSqlLikeMem.Npgsql.Test.csproj,PackageReference,'$(TargetFramework)' == 'netstandard2.1',Microsoft.NET.Test.Sdk,17.13.0
src/DbSqlLikeMem.Npgsql.Test/DbSqlLikeMem.Npgsql.Test.csproj,PackageReference,'$(TargetFramework)' == 'netstandard2.1',xunit.runner.visualstudio,2.1.0
src/DbSqlLikeMem.Npgsql.Test/DbSqlLikeMem.Npgsql.Test.csproj,PackageReference,'$(TargetFramework)' == 'net6.0',Microsoft.NET.Test.Sdk,17.13.0
src/DbSqlLikeMem.Npgsql.Test/DbSqlLikeMem.Npgsql.Test.csproj,PackageReference,'$(TargetFramework)' == 'net6.0',xunit.runner.visualstudio,3.0.2
src/DbSqlLikeMem.Npgsql.Test/DbSqlLikeMem.Npgsql.Test.csproj,PackageReference,'$(TargetFramework)' == 'net8.0' Or '$(TargetFramework)' == 'net10.0',Microsoft.NET.Test.Sdk,18.0.1
src/DbSqlLikeMem.Npgsql.Test/DbSqlLikeMem.Npgsql.Test.csproj,PackageReference,'$(TargetFramework)' == 'net8.0' Or '$(TargetFramework)' == 'net10.0',xunit.runner.visualstudio,3.1.5
src/DbSqlLikeMem.Npgsql/DbSqlLikeMem.Npgsql.csproj,PackageReference,'$(TargetFramework)' == 'net48',Npgsql,6.0.12
src/DbSqlLikeMem.Npgsql/DbSqlLikeMem.Npgsql.csproj,PackageReference,'$(TargetFramework)' == 'netstandard2.1',Npgsql,8.0.8
src/DbSqlLikeMem.Npgsql/DbSqlLikeMem.Npgsql.csproj,PackageReference,'$(TargetFramework)' == 'net6.0',Npgsql,8.0.8
src/DbSqlLikeMem.Npgsql/DbSqlLikeMem.Npgsql.csproj,PackageReference,'$(TargetFramework)' == 'net8.0' Or '$(TargetFramework)' == 'net10.0',Npgsql,10.0.1
src/DbSqlLikeMem.Oracle.Dapper.Test/DbSqlLikeMem.Oracle.Dapper.Test.csproj,PackageReference,'$(TargetFramework)' == 'net6.0',Dapper,2.1.35
src/DbSqlLikeMem.Oracle.Dapper.Test/DbSqlLikeMem.Oracle.Dapper.Test.csproj,PackageReference,'$(TargetFramework)' == 'net8.0' Or '$(TargetFramework)' == 'net10.0',Dapper,2.1.66
src/DbSqlLikeMem.Oracle.Dapper.Test/DbSqlLikeMem.Oracle.Dapper.Test.csproj,PackageReference,'$(TargetFramework)' == 'net48',Dapper,2.1.35
src/DbSqlLikeMem.Oracle.Dapper.Test/DbSqlLikeMem.Oracle.Dapper.Test.csproj,PackageReference,'$(TargetFramework)' == 'net48',Microsoft.NET.Test.Sdk,17.13.0
src/DbSqlLikeMem.Oracle.Dapper.Test/DbSqlLikeMem.Oracle.Dapper.Test.csproj,PackageReference,'$(TargetFramework)' == 'net48',xunit.runner.visualstudio,3.1.5
src/DbSqlLikeMem.Oracle.Dapper.Test/DbSqlLikeMem.Oracle.Dapper.Test.csproj,PackageReference,'$(TargetFramework)' == 'net6.0',Microsoft.NET.Test.Sdk,17.13.0
src/DbSqlLikeMem.Oracle.Dapper.Test/DbSqlLikeMem.Oracle.Dapper.Test.csproj,PackageReference,'$(TargetFramework)' == 'net6.0',xunit.runner.visualstudio,3.0.2
src/DbSqlLikeMem.Oracle.Dapper.Test/DbSqlLikeMem.Oracle.Dapper.Test.csproj,PackageReference,'$(TargetFramework)' == 'net8.0' Or '$(TargetFramework)' == 'net10.0',Microsoft.NET.Test.Sdk,18.0.1
src/DbSqlLikeMem.Oracle.Dapper.Test/DbSqlLikeMem.Oracle.Dapper.Test.csproj,PackageReference,'$(TargetFramework)' == 'net8.0' Or '$(TargetFramework)' == 'net10.0',xunit.runner.visualstudio,3.1.5
src/DbSqlLikeMem.Oracle.EfCore.Test/DbSqlLikeMem.Oracle.EfCore.Test.csproj,PackageReference,'$(TargetFramework)' == 'net48',Microsoft.NET.Test.Sdk,17.13.0
src/DbSqlLikeMem.Oracle.EfCore.Test/DbSqlLikeMem.Oracle.EfCore.Test.csproj,PackageReference,'$(TargetFramework)' == 'net48',xunit.runner.visualstudio,3.1.5
src/DbSqlLikeMem.Oracle.EfCore.Test/DbSqlLikeMem.Oracle.EfCore.Test.csproj,PackageReference,'$(TargetFramework)' == 'net6.0',Microsoft.NET.Test.Sdk,17.13.0
src/DbSqlLikeMem.Oracle.EfCore.Test/DbSqlLikeMem.Oracle.EfCore.Test.csproj,PackageReference,'$(TargetFramework)' == 'net6.0',xunit.runner.visualstudio,3.0.2
src/DbSqlLikeMem.Oracle.EfCore.Test/DbSqlLikeMem.Oracle.EfCore.Test.csproj,PackageReference,'$(TargetFramework)' == 'net8.0' Or '$(TargetFramework)' == 'net10.0',Microsoft.NET.Test.Sdk,18.0.1
src/DbSqlLikeMem.Oracle.EfCore.Test/DbSqlLikeMem.Oracle.EfCore.Test.csproj,PackageReference,'$(TargetFramework)' == 'net8.0' Or '$(TargetFramework)' == 'net10.0',xunit.runner.visualstudio,3.1.5
src/DbSqlLikeMem.Oracle.LinqToDb.Test/DbSqlLikeMem.Oracle.LinqToDb.Test.csproj,PackageReference,'$(TargetFramework)' == 'net48',Microsoft.NET.Test.Sdk,17.13.0
src/DbSqlLikeMem.Oracle.LinqToDb.Test/DbSqlLikeMem.Oracle.LinqToDb.Test.csproj,PackageReference,'$(TargetFramework)' == 'net48',xunit.runner.visualstudio,3.1.5
src/DbSqlLikeMem.Oracle.LinqToDb.Test/DbSqlLikeMem.Oracle.LinqToDb.Test.csproj,PackageReference,'$(TargetFramework)' == 'net6.0',Microsoft.NET.Test.Sdk,17.13.0
src/DbSqlLikeMem.Oracle.LinqToDb.Test/DbSqlLikeMem.Oracle.LinqToDb.Test.csproj,PackageReference,'$(TargetFramework)' == 'net6.0',xunit.runner.visualstudio,3.0.2
src/DbSqlLikeMem.Oracle.LinqToDb.Test/DbSqlLikeMem.Oracle.LinqToDb.Test.csproj,PackageReference,'$(TargetFramework)' == 'net8.0' Or '$(TargetFramework)' == 'net10.0',Microsoft.NET.Test.Sdk,18.0.1
src/DbSqlLikeMem.Oracle.LinqToDb.Test/DbSqlLikeMem.Oracle.LinqToDb.Test.csproj,PackageReference,'$(TargetFramework)' == 'net8.0' Or '$(TargetFramework)' == 'net10.0',xunit.runner.visualstudio,3.1.5
src/DbSqlLikeMem.Oracle.NHibernate.Test/DbSqlLikeMem.Oracle.NHibernate.Test.csproj,PackageReference,'$(TargetFramework)' == 'net48',Microsoft.NET.Test.Sdk,17.13.0
src/DbSqlLikeMem.Oracle.NHibernate.Test/DbSqlLikeMem.Oracle.NHibernate.Test.csproj,PackageReference,'$(TargetFramework)' == 'net48',xunit.runner.visualstudio,3.1.5
src/DbSqlLikeMem.Oracle.NHibernate.Test/DbSqlLikeMem.Oracle.NHibernate.Test.csproj,PackageReference,'$(TargetFramework)' == 'net6.0',Microsoft.NET.Test.Sdk,17.13.0
src/DbSqlLikeMem.Oracle.NHibernate.Test/DbSqlLikeMem.Oracle.NHibernate.Test.csproj,PackageReference,'$(TargetFramework)' == 'net6.0',xunit.runner.visualstudio,3.0.2
src/DbSqlLikeMem.Oracle.NHibernate.Test/DbSqlLikeMem.Oracle.NHibernate.Test.csproj,PackageReference,'$(TargetFramework)' == 'net8.0' Or '$(TargetFramework)' == 'net10.0',Microsoft.NET.Test.Sdk,18.0.1
src/DbSqlLikeMem.Oracle.NHibernate.Test/DbSqlLikeMem.Oracle.NHibernate.Test.csproj,PackageReference,'$(TargetFramework)' == 'net8.0' Or '$(TargetFramework)' == 'net10.0',xunit.runner.visualstudio,3.1.5
src/DbSqlLikeMem.Oracle.Test/DbSqlLikeMem.Oracle.Test.csproj,PackageReference,'$(TargetFramework)' == 'net48',Microsoft.NET.Test.Sdk,17.13.0
src/DbSqlLikeMem.Oracle.Test/DbSqlLikeMem.Oracle.Test.csproj,PackageReference,'$(TargetFramework)' == 'net48',xunit.runner.visualstudio,3.1.5
src/DbSqlLikeMem.Oracle.Test/DbSqlLikeMem.Oracle.Test.csproj,PackageReference,'$(TargetFramework)' == 'netstandard2.1',Microsoft.NET.Test.Sdk,17.13.0
src/DbSqlLikeMem.Oracle.Test/DbSqlLikeMem.Oracle.Test.csproj,PackageReference,'$(TargetFramework)' == 'netstandard2.1',xunit.runner.visualstudio,2.1.0
src/DbSqlLikeMem.Oracle.Test/DbSqlLikeMem.Oracle.Test.csproj,PackageReference,'$(TargetFramework)' == 'net6.0',Microsoft.NET.Test.Sdk,17.13.0
src/DbSqlLikeMem.Oracle.Test/DbSqlLikeMem.Oracle.Test.csproj,PackageReference,'$(TargetFramework)' == 'net6.0',xunit.runner.visualstudio,3.0.2
src/DbSqlLikeMem.Oracle.Test/DbSqlLikeMem.Oracle.Test.csproj,PackageReference,'$(TargetFramework)' == 'net8.0' Or '$(TargetFramework)' == 'net10.0',Microsoft.NET.Test.Sdk,18.0.1
src/DbSqlLikeMem.Oracle.Test/DbSqlLikeMem.Oracle.Test.csproj,PackageReference,'$(TargetFramework)' == 'net8.0' Or '$(TargetFramework)' == 'net10.0',xunit.runner.visualstudio,3.1.5
src/DbSqlLikeMem.Oracle/DbSqlLikeMem.Oracle.csproj,PackageReference,'$(TargetFramework)' == 'net48',Oracle.ManagedDataAccess,23.26.100
src/DbSqlLikeMem.Oracle/DbSqlLikeMem.Oracle.csproj,PackageReference,'$(TargetFramework)' == 'netstandard2.1' Or '$(TargetFramework)' == 'net6.0' Or '$(TargetFramework)' == 'net8.0' Or '$(TargetFramework)' == 'net10.0',Oracle.ManagedDataAccess.Core,23.26.100
src/DbSqlLikeMem.SqlAzure.Test/DbSqlLikeMem.SqlAzure.Test.csproj,PackageReference,'$(TargetFramework)' == 'net48',Microsoft.NET.Test.Sdk,17.13.0
src/DbSqlLikeMem.SqlAzure.Test/DbSqlLikeMem.SqlAzure.Test.csproj,PackageReference,'$(TargetFramework)' == 'net48',xunit.runner.visualstudio,3.1.5
src/DbSqlLikeMem.SqlAzure.Test/DbSqlLikeMem.SqlAzure.Test.csproj,PackageReference,'$(TargetFramework)' == 'netstandard2.1',Microsoft.NET.Test.Sdk,17.13.0
src/DbSqlLikeMem.SqlAzure.Test/DbSqlLikeMem.SqlAzure.Test.csproj,PackageReference,'$(TargetFramework)' == 'netstandard2.1',xunit.runner.visualstudio,2.1.0
src/DbSqlLikeMem.SqlAzure.Test/DbSqlLikeMem.SqlAzure.Test.csproj,PackageReference,'$(TargetFramework)' == 'net6.0',Microsoft.NET.Test.Sdk,17.13.0
src/DbSqlLikeMem.SqlAzure.Test/DbSqlLikeMem.SqlAzure.Test.csproj,PackageReference,'$(TargetFramework)' == 'net6.0',xunit.runner.visualstudio,3.0.2
src/DbSqlLikeMem.SqlAzure.Test/DbSqlLikeMem.SqlAzure.Test.csproj,PackageReference,'$(TargetFramework)' == 'net8.0' Or '$(TargetFramework)' == 'net10.0',Microsoft.NET.Test.Sdk,18.0.1
src/DbSqlLikeMem.SqlAzure.Test/DbSqlLikeMem.SqlAzure.Test.csproj,PackageReference,'$(TargetFramework)' == 'net8.0' Or '$(TargetFramework)' == 'net10.0',xunit.runner.visualstudio,3.1.5
src/DbSqlLikeMem.SqlAzure/DbSqlLikeMem.SqlAzure.csproj,PackageReference,'$(TargetFramework)' == 'netstandard2.1' Or '$(TargetFramework)' == 'net48',Microsoft.Data.SqlClient,5.2.2
src/DbSqlLikeMem.SqlAzure/DbSqlLikeMem.SqlAzure.csproj,PackageReference,'$(TargetFramework)' == 'net6.0',Microsoft.Data.SqlClient,5.2.2
src/DbSqlLikeMem.SqlAzure/DbSqlLikeMem.SqlAzure.csproj,PackageReference,'$(TargetFramework)' == 'net8.0' Or '$(TargetFramework)' == 'net10.0',Microsoft.Data.SqlClient,6.1.4
src/DbSqlLikeMem.SqlServer.Dapper.Test/DbSqlLikeMem.SqlServer.Dapper.Test.csproj,PackageReference,'$(TargetFramework)' == 'net6.0',Dapper,2.1.35
src/DbSqlLikeMem.SqlServer.Dapper.Test/DbSqlLikeMem.SqlServer.Dapper.Test.csproj,PackageReference,'$(TargetFramework)' == 'net8.0' Or '$(TargetFramework)' == 'net10.0',Dapper,2.1.66
src/DbSqlLikeMem.SqlServer.Dapper.Test/DbSqlLikeMem.SqlServer.Dapper.Test.csproj,PackageReference,'$(TargetFramework)' == 'net48',Dapper,2.1.35
src/DbSqlLikeMem.SqlServer.Dapper.Test/DbSqlLikeMem.SqlServer.Dapper.Test.csproj,PackageReference,'$(TargetFramework)' == 'net48',Microsoft.NET.Test.Sdk,17.13.0
src/DbSqlLikeMem.SqlServer.Dapper.Test/DbSqlLikeMem.SqlServer.Dapper.Test.csproj,PackageReference,'$(TargetFramework)' == 'net48',xunit.runner.visualstudio,3.1.5
src/DbSqlLikeMem.SqlServer.Dapper.Test/DbSqlLikeMem.SqlServer.Dapper.Test.csproj,PackageReference,'$(TargetFramework)' == 'net6.0',Microsoft.NET.Test.Sdk,17.13.0
src/DbSqlLikeMem.SqlServer.Dapper.Test/DbSqlLikeMem.SqlServer.Dapper.Test.csproj,PackageReference,'$(TargetFramework)' == 'net6.0',xunit.runner.visualstudio,3.0.2
src/DbSqlLikeMem.SqlServer.Dapper.Test/DbSqlLikeMem.SqlServer.Dapper.Test.csproj,PackageReference,'$(TargetFramework)' == 'net8.0' Or '$(TargetFramework)' == 'net10.0',Microsoft.NET.Test.Sdk,18.0.1
src/DbSqlLikeMem.SqlServer.Dapper.Test/DbSqlLikeMem.SqlServer.Dapper.Test.csproj,PackageReference,'$(TargetFramework)' == 'net8.0' Or '$(TargetFramework)' == 'net10.0',xunit.runner.visualstudio,3.1.5
src/DbSqlLikeMem.SqlServer.EfCore.Test/DbSqlLikeMem.SqlServer.EfCore.Test.csproj,PackageReference,'$(TargetFramework)' == 'net48',Microsoft.NET.Test.Sdk,17.13.0
src/DbSqlLikeMem.SqlServer.EfCore.Test/DbSqlLikeMem.SqlServer.EfCore.Test.csproj,PackageReference,'$(TargetFramework)' == 'net48',xunit.runner.visualstudio,3.1.5
src/DbSqlLikeMem.SqlServer.EfCore.Test/DbSqlLikeMem.SqlServer.EfCore.Test.csproj,PackageReference,'$(TargetFramework)' == 'net6.0',Microsoft.NET.Test.Sdk,17.13.0
src/DbSqlLikeMem.SqlServer.EfCore.Test/DbSqlLikeMem.SqlServer.EfCore.Test.csproj,PackageReference,'$(TargetFramework)' == 'net6.0',xunit.runner.visualstudio,3.0.2
src/DbSqlLikeMem.SqlServer.EfCore.Test/DbSqlLikeMem.SqlServer.EfCore.Test.csproj,PackageReference,'$(TargetFramework)' == 'net8.0' Or '$(TargetFramework)' == 'net10.0',Microsoft.NET.Test.Sdk,18.0.1
src/DbSqlLikeMem.SqlServer.EfCore.Test/DbSqlLikeMem.SqlServer.EfCore.Test.csproj,PackageReference,'$(TargetFramework)' == 'net8.0' Or '$(TargetFramework)' == 'net10.0',xunit.runner.visualstudio,3.1.5
src/DbSqlLikeMem.SqlServer.LinqToDb.Test/DbSqlLikeMem.SqlServer.LinqToDb.Test.csproj,PackageReference,'$(TargetFramework)' == 'net48',Microsoft.NET.Test.Sdk,17.13.0
src/DbSqlLikeMem.SqlServer.LinqToDb.Test/DbSqlLikeMem.SqlServer.LinqToDb.Test.csproj,PackageReference,'$(TargetFramework)' == 'net48',xunit.runner.visualstudio,3.1.5
src/DbSqlLikeMem.SqlServer.LinqToDb.Test/DbSqlLikeMem.SqlServer.LinqToDb.Test.csproj,PackageReference,'$(TargetFramework)' == 'net6.0',Microsoft.NET.Test.Sdk,17.13.0
src/DbSqlLikeMem.SqlServer.LinqToDb.Test/DbSqlLikeMem.SqlServer.LinqToDb.Test.csproj,PackageReference,'$(TargetFramework)' == 'net6.0',xunit.runner.visualstudio,3.0.2
src/DbSqlLikeMem.SqlServer.LinqToDb.Test/DbSqlLikeMem.SqlServer.LinqToDb.Test.csproj,PackageReference,'$(TargetFramework)' == 'net8.0' Or '$(TargetFramework)' == 'net10.0',Microsoft.NET.Test.Sdk,18.0.1
src/DbSqlLikeMem.SqlServer.LinqToDb.Test/DbSqlLikeMem.SqlServer.LinqToDb.Test.csproj,PackageReference,'$(TargetFramework)' == 'net8.0' Or '$(TargetFramework)' == 'net10.0',xunit.runner.visualstudio,3.1.5
src/DbSqlLikeMem.SqlServer.NHibernate.Test/DbSqlLikeMem.SqlServer.NHibernate.Test.csproj,PackageReference,'$(TargetFramework)' == 'net48',Microsoft.NET.Test.Sdk,17.13.0
src/DbSqlLikeMem.SqlServer.NHibernate.Test/DbSqlLikeMem.SqlServer.NHibernate.Test.csproj,PackageReference,'$(TargetFramework)' == 'net48',xunit.runner.visualstudio,3.1.5
src/DbSqlLikeMem.SqlServer.NHibernate.Test/DbSqlLikeMem.SqlServer.NHibernate.Test.csproj,PackageReference,'$(TargetFramework)' == 'net6.0',Microsoft.NET.Test.Sdk,17.13.0
src/DbSqlLikeMem.SqlServer.NHibernate.Test/DbSqlLikeMem.SqlServer.NHibernate.Test.csproj,PackageReference,'$(TargetFramework)' == 'net6.0',xunit.runner.visualstudio,3.0.2
src/DbSqlLikeMem.SqlServer.NHibernate.Test/DbSqlLikeMem.SqlServer.NHibernate.Test.csproj,PackageReference,'$(TargetFramework)' == 'net8.0' Or '$(TargetFramework)' == 'net10.0',Microsoft.NET.Test.Sdk,18.0.1
src/DbSqlLikeMem.SqlServer.NHibernate.Test/DbSqlLikeMem.SqlServer.NHibernate.Test.csproj,PackageReference,'$(TargetFramework)' == 'net8.0' Or '$(TargetFramework)' == 'net10.0',xunit.runner.visualstudio,3.1.5
src/DbSqlLikeMem.SqlServer.Test/DbSqlLikeMem.SqlServer.Test.csproj,PackageReference,'$(TargetFramework)' == 'net48',Microsoft.NET.Test.Sdk,17.13.0
src/DbSqlLikeMem.SqlServer.Test/DbSqlLikeMem.SqlServer.Test.csproj,PackageReference,'$(TargetFramework)' == 'net48',xunit.runner.visualstudio,3.1.5
src/DbSqlLikeMem.SqlServer.Test/DbSqlLikeMem.SqlServer.Test.csproj,PackageReference,'$(TargetFramework)' == 'netstandard2.1',Microsoft.NET.Test.Sdk,17.13.0
src/DbSqlLikeMem.SqlServer.Test/DbSqlLikeMem.SqlServer.Test.csproj,PackageReference,'$(TargetFramework)' == 'netstandard2.1',xunit.runner.visualstudio,2.1.0
src/DbSqlLikeMem.SqlServer.Test/DbSqlLikeMem.SqlServer.Test.csproj,PackageReference,'$(TargetFramework)' == 'net6.0',Microsoft.NET.Test.Sdk,17.13.0
src/DbSqlLikeMem.SqlServer.Test/DbSqlLikeMem.SqlServer.Test.csproj,PackageReference,'$(TargetFramework)' == 'net6.0',xunit.runner.visualstudio,3.0.2
src/DbSqlLikeMem.SqlServer.Test/DbSqlLikeMem.SqlServer.Test.csproj,PackageReference,'$(TargetFramework)' == 'net8.0' Or '$(TargetFramework)' == 'net10.0',Microsoft.NET.Test.Sdk,18.0.1
src/DbSqlLikeMem.SqlServer.Test/DbSqlLikeMem.SqlServer.Test.csproj,PackageReference,'$(TargetFramework)' == 'net8.0' Or '$(TargetFramework)' == 'net10.0',xunit.runner.visualstudio,3.1.5
src/DbSqlLikeMem.SqlServer/DbSqlLikeMem.SqlServer.csproj,PackageReference,'$(TargetFramework)' == 'netstandard2.1' Or '$(TargetFramework)' == 'net48',Microsoft.Data.SqlClient,5.2.2
src/DbSqlLikeMem.SqlServer/DbSqlLikeMem.SqlServer.csproj,PackageReference,'$(TargetFramework)' == 'net6.0',Microsoft.Data.SqlClient,5.2.2
src/DbSqlLikeMem.SqlServer/DbSqlLikeMem.SqlServer.csproj,PackageReference,'$(TargetFramework)' == 'net8.0' Or '$(TargetFramework)' == 'net10.0',Microsoft.Data.SqlClient,6.1.4
src/DbSqlLikeMem.Sqlite.Dapper.Test/DbSqlLikeMem.Sqlite.Dapper.Test.csproj,PackageReference,'$(TargetFramework)' == 'net6.0',Dapper,2.1.35
src/DbSqlLikeMem.Sqlite.Dapper.Test/DbSqlLikeMem.Sqlite.Dapper.Test.csproj,PackageReference,'$(TargetFramework)' == 'net8.0' Or '$(TargetFramework)' == 'net10.0',Dapper,2.1.66
src/DbSqlLikeMem.Sqlite.Dapper.Test/DbSqlLikeMem.Sqlite.Dapper.Test.csproj,PackageReference,'$(TargetFramework)' == 'net48',Dapper,2.1.35
src/DbSqlLikeMem.Sqlite.Dapper.Test/DbSqlLikeMem.Sqlite.Dapper.Test.csproj,PackageReference,'$(TargetFramework)' == 'net48',Microsoft.NET.Test.Sdk,17.13.0
src/DbSqlLikeMem.Sqlite.Dapper.Test/DbSqlLikeMem.Sqlite.Dapper.Test.csproj,PackageReference,'$(TargetFramework)' == 'net48',xunit.runner.visualstudio,3.1.5
src/DbSqlLikeMem.Sqlite.Dapper.Test/DbSqlLikeMem.Sqlite.Dapper.Test.csproj,PackageReference,'$(TargetFramework)' == 'net6.0',Microsoft.NET.Test.Sdk,17.13.0
src/DbSqlLikeMem.Sqlite.Dapper.Test/DbSqlLikeMem.Sqlite.Dapper.Test.csproj,PackageReference,'$(TargetFramework)' == 'net6.0',xunit.runner.visualstudio,3.0.2
src/DbSqlLikeMem.Sqlite.Dapper.Test/DbSqlLikeMem.Sqlite.Dapper.Test.csproj,PackageReference,'$(TargetFramework)' == 'net8.0' Or '$(TargetFramework)' == 'net10.0',Microsoft.NET.Test.Sdk,18.0.1
src/DbSqlLikeMem.Sqlite.Dapper.Test/DbSqlLikeMem.Sqlite.Dapper.Test.csproj,PackageReference,'$(TargetFramework)' == 'net8.0' Or '$(TargetFramework)' == 'net10.0',xunit.runner.visualstudio,3.1.5
src/DbSqlLikeMem.Sqlite.EfCore.Test/DbSqlLikeMem.Sqlite.EfCore.Test.csproj,PackageReference,'$(TargetFramework)' == 'net48',Microsoft.NET.Test.Sdk,17.13.0
src/DbSqlLikeMem.Sqlite.EfCore.Test/DbSqlLikeMem.Sqlite.EfCore.Test.csproj,PackageReference,'$(TargetFramework)' == 'net48',xunit.runner.visualstudio,3.1.5
src/DbSqlLikeMem.Sqlite.EfCore.Test/DbSqlLikeMem.Sqlite.EfCore.Test.csproj,PackageReference,'$(TargetFramework)' == 'net6.0',Microsoft.NET.Test.Sdk,17.13.0
src/DbSqlLikeMem.Sqlite.EfCore.Test/DbSqlLikeMem.Sqlite.EfCore.Test.csproj,PackageReference,'$(TargetFramework)' == 'net6.0',xunit.runner.visualstudio,3.0.2
src/DbSqlLikeMem.Sqlite.EfCore.Test/DbSqlLikeMem.Sqlite.EfCore.Test.csproj,PackageReference,'$(TargetFramework)' == 'net8.0' Or '$(TargetFramework)' == 'net10.0',Microsoft.NET.Test.Sdk,18.0.1
src/DbSqlLikeMem.Sqlite.EfCore.Test/DbSqlLikeMem.Sqlite.EfCore.Test.csproj,PackageReference,'$(TargetFramework)' == 'net8.0' Or '$(TargetFramework)' == 'net10.0',xunit.runner.visualstudio,3.1.5
src/DbSqlLikeMem.Sqlite.LinqToDb.Test/DbSqlLikeMem.Sqlite.LinqToDb.Test.csproj,PackageReference,'$(TargetFramework)' == 'net48',Microsoft.NET.Test.Sdk,17.13.0
src/DbSqlLikeMem.Sqlite.LinqToDb.Test/DbSqlLikeMem.Sqlite.LinqToDb.Test.csproj,PackageReference,'$(TargetFramework)' == 'net48',xunit.runner.visualstudio,3.1.5
src/DbSqlLikeMem.Sqlite.LinqToDb.Test/DbSqlLikeMem.Sqlite.LinqToDb.Test.csproj,PackageReference,'$(TargetFramework)' == 'net6.0',Microsoft.NET.Test.Sdk,17.13.0
src/DbSqlLikeMem.Sqlite.LinqToDb.Test/DbSqlLikeMem.Sqlite.LinqToDb.Test.csproj,PackageReference,'$(TargetFramework)' == 'net6.0',xunit.runner.visualstudio,3.0.2
src/DbSqlLikeMem.Sqlite.LinqToDb.Test/DbSqlLikeMem.Sqlite.LinqToDb.Test.csproj,PackageReference,'$(TargetFramework)' == 'net8.0' Or '$(TargetFramework)' == 'net10.0',Microsoft.NET.Test.Sdk,18.0.1
src/DbSqlLikeMem.Sqlite.LinqToDb.Test/DbSqlLikeMem.Sqlite.LinqToDb.Test.csproj,PackageReference,'$(TargetFramework)' == 'net8.0' Or '$(TargetFramework)' == 'net10.0',xunit.runner.visualstudio,3.1.5
src/DbSqlLikeMem.Sqlite.NHibernate.Test/DbSqlLikeMem.Sqlite.NHibernate.Test.csproj,PackageReference,'$(TargetFramework)' == 'net48',Microsoft.NET.Test.Sdk,17.13.0
src/DbSqlLikeMem.Sqlite.NHibernate.Test/DbSqlLikeMem.Sqlite.NHibernate.Test.csproj,PackageReference,'$(TargetFramework)' == 'net48',xunit.runner.visualstudio,3.1.5
src/DbSqlLikeMem.Sqlite.NHibernate.Test/DbSqlLikeMem.Sqlite.NHibernate.Test.csproj,PackageReference,'$(TargetFramework)' == 'net6.0',Microsoft.NET.Test.Sdk,17.13.0
src/DbSqlLikeMem.Sqlite.NHibernate.Test/DbSqlLikeMem.Sqlite.NHibernate.Test.csproj,PackageReference,'$(TargetFramework)' == 'net6.0',xunit.runner.visualstudio,3.0.2
src/DbSqlLikeMem.Sqlite.NHibernate.Test/DbSqlLikeMem.Sqlite.NHibernate.Test.csproj,PackageReference,'$(TargetFramework)' == 'net8.0' Or '$(TargetFramework)' == 'net10.0',Microsoft.NET.Test.Sdk,18.0.1
src/DbSqlLikeMem.Sqlite.NHibernate.Test/DbSqlLikeMem.Sqlite.NHibernate.Test.csproj,PackageReference,'$(TargetFramework)' == 'net8.0' Or '$(TargetFramework)' == 'net10.0',xunit.runner.visualstudio,3.1.5
src/DbSqlLikeMem.Sqlite.Test/DbSqlLikeMem.Sqlite.Test.csproj,PackageReference,'$(TargetFramework)' == 'net48',Microsoft.NET.Test.Sdk,17.13.0
src/DbSqlLikeMem.Sqlite.Test/DbSqlLikeMem.Sqlite.Test.csproj,PackageReference,'$(TargetFramework)' == 'net48',xunit.runner.visualstudio,3.1.5
src/DbSqlLikeMem.Sqlite.Test/DbSqlLikeMem.Sqlite.Test.csproj,PackageReference,'$(TargetFramework)' == 'netstandard2.1',Microsoft.NET.Test.Sdk,17.13.0
src/DbSqlLikeMem.Sqlite.Test/DbSqlLikeMem.Sqlite.Test.csproj,PackageReference,'$(TargetFramework)' == 'netstandard2.1',xunit.runner.visualstudio,2.1.0
src/DbSqlLikeMem.Sqlite.Test/DbSqlLikeMem.Sqlite.Test.csproj,PackageReference,'$(TargetFramework)' == 'net6.0',Microsoft.NET.Test.Sdk,17.13.0
src/DbSqlLikeMem.Sqlite.Test/DbSqlLikeMem.Sqlite.Test.csproj,PackageReference,'$(TargetFramework)' == 'net6.0',xunit.runner.visualstudio,3.0.2
src/DbSqlLikeMem.Sqlite.Test/DbSqlLikeMem.Sqlite.Test.csproj,PackageReference,'$(TargetFramework)' == 'net8.0' Or '$(TargetFramework)' == 'net10.0',Microsoft.NET.Test.Sdk,18.0.1
src/DbSqlLikeMem.Sqlite.Test/DbSqlLikeMem.Sqlite.Test.csproj,PackageReference,'$(TargetFramework)' == 'net8.0' Or '$(TargetFramework)' == 'net10.0',xunit.runner.visualstudio,3.1.5
src/DbSqlLikeMem.Sqlite/DbSqlLikeMem.Sqlite.csproj,PackageReference,'$(TargetFramework)' == 'netstandard2.1' Or '$(TargetFramework)' == 'net48',Microsoft.Data.Sqlite,6.0.28
src/DbSqlLikeMem.Sqlite/DbSqlLikeMem.Sqlite.csproj,PackageReference,'$(TargetFramework)' == 'net6.0',Microsoft.Data.Sqlite,7.0.20
src/DbSqlLikeMem.Sqlite/DbSqlLikeMem.Sqlite.csproj,PackageReference,'$(TargetFramework)' == 'net8.0' Or '$(TargetFramework)' == 'net10.0',Microsoft.Data.Sqlite,8.0.11
src/DbSqlLikeMem.TestTools/DbSqlLikeMem.TestTools.csproj,PackageReference,'$(TargetFramework)' == 'net48',Microsoft.NET.Test.Sdk,17.13.0
src/DbSqlLikeMem.TestTools/DbSqlLikeMem.TestTools.csproj,PackageReference,'$(TargetFramework)' == 'net48',xunit,2.9.3
src/DbSqlLikeMem.TestTools/DbSqlLikeMem.TestTools.csproj,PackageReference,'$(TargetFramework)' == 'net48',xunit.runner.visualstudio,3.1.5
src/DbSqlLikeMem.TestTools/DbSqlLikeMem.TestTools.csproj,PackageReference,'$(TargetFramework)' == 'netstandard2.1',Microsoft.NET.Test.Sdk,17.13.0
src/DbSqlLikeMem.TestTools/DbSqlLikeMem.TestTools.csproj,PackageReference,'$(TargetFramework)' == 'netstandard2.1',xunit,2.9.3
src/DbSqlLikeMem.TestTools/DbSqlLikeMem.TestTools.csproj,PackageReference,'$(TargetFramework)' == 'netstandard2.1',xunit.abstractions,2.0.3
src/DbSqlLikeMem.TestTools/DbSqlLikeMem.TestTools.csproj,PackageReference,'$(TargetFramework)' == 'netstandard2.1',xunit.runner.visualstudio,2.1.0
src/DbSqlLikeMem.TestTools/DbSqlLikeMem.TestTools.csproj,PackageReference,'$(TargetFramework)' == 'net6.0',Microsoft.NET.Test.Sdk,17.13.0
src/DbSqlLikeMem.TestTools/DbSqlLikeMem.TestTools.csproj,PackageReference,'$(TargetFramework)' == 'net6.0',xunit,2.9.3
src/DbSqlLikeMem.TestTools/DbSqlLikeMem.TestTools.csproj,PackageReference,'$(TargetFramework)' == 'net6.0',xunit.runner.visualstudio,3.0.2
src/DbSqlLikeMem.TestTools/DbSqlLikeMem.TestTools.csproj,PackageReference,'$(TargetFramework)' == 'net8.0' Or '$(TargetFramework)' == 'net10.0',Microsoft.NET.Test.Sdk,18.0.1
src/DbSqlLikeMem.TestTools/DbSqlLikeMem.TestTools.csproj,PackageReference,'$(TargetFramework)' == 'net8.0' Or '$(TargetFramework)' == 'net10.0',xunit.v3,3.2.2
src/DbSqlLikeMem.TestTools/DbSqlLikeMem.TestTools.csproj,PackageReference,'$(TargetFramework)' == 'net8.0' Or '$(TargetFramework)' == 'net10.0',xunit.v3.extensibility.core,3.2.2
src/DbSqlLikeMem.TestTools/DbSqlLikeMem.TestTools.csproj,PackageReference,'$(TargetFramework)' == 'net8.0' Or '$(TargetFramework)' == 'net10.0',xunit.runner.visualstudio,3.1.5
src/DbSqlLikeMem.VisualStudioExtension.Core/DbSqlLikeMem.VisualStudioExtension.Core.csproj,PackageReference,'$(TargetFramework)' == 'netstandard2.0',System.Text.Json,8.0.6
src/DbSqlLikeMem.XUnit/DbSqlLikeMem.XUnit.csproj,PackageReference,'$(TargetFramework)' == 'net6.0',xunit,2.9.3
src/DbSqlLikeMem.XUnit/DbSqlLikeMem.XUnit.csproj,PackageReference,'$(TargetFramework)' == 'net8.0' Or '$(TargetFramework)' == 'net10.0',xunit.v3.extensibility.core,3.2.2
src/DbSqlLikeMem.XUnit/DbSqlLikeMem.XUnit.csproj,PackageReference,'$(TargetFramework)' == 'net48' Or '$(TargetFramework)' == 'netstandard2.1',xunit,2.9.3
